ngram,documents,POS tagged
article,3,NN_article
occupational health,2,NNP_Occupational NN_health
morbidity,2,NN_morbidity
critical,3,JJ_critical
the american,2,DT_the NNP_American
a,17,DT_a
an,8,DT_an
as,7,IN_as
at,4,IN_at
mellitus,2,VBZ_mellitus
be,5,VB_be
by,4,IN_by
c,3,NNP_C
body,4,NN_body
developing,3,VBG_developing
cardiovascular,2,JJ_cardiovascular
h,2,NN_h
result,2,NN_result
is,10,VBZ_is
in,16,IN_in
one of the,2,CD_One IN_of DT_the
m,2,NNP_M
ml,2,NNP_mL
n,3,NNP_N
no,3,DT_no
on,7,IN_on
of,17,IN_of
or,8,CC_or
p,3,NNP_P
aid,2,VB_aid
as a,2,RB_as DT_a
s,2,NNP_S
to,17,TO_to
recognition,2,NN_Recognition
to a,2,TO_to DT_a
diabetes mellitus,2,NNS_diabetes VBZ_mellitus
treatments,2,NNS_treatments
treatment of,3,NN_treatment IN_of
highly active antiretroviral therapy,2,RB_highly JJ_active JJ_antiretroviral NN_therapy
american,2,NNP_American
critically,2,RB_critically
occupational,3,NNP_Occupational
a total,2,DT_a NN_total
andassociated,2,VBD_andassociated
an understanding of,2,DT_an NN_understanding IN_of
standards,2,NNS_standards
health nurses,2,NN_health NNS_nurses
critical illness,3,JJ_critical NN_illness
of diabetes,2,IN_of NNS_diabetes
safety,3,NN_safety
active antiretroviral therapy,2,JJ_active JJ_antiretroviral NN_therapy
control and,2,NN_control CC_and
illness,4,NN_illness
nicotinic,2,NN_nicotinic
aid in,2,VB_aid IN_in
stage,2,NN_stage
study,5,NN_study
complications,2,NNS_complications
immunodeficiencyvirus,3,NNS_immunodeficiencyvirus
of diabetes mellitus,2,IN_of NNS_diabetes VBZ_mellitus
withcritical,3,JJ_withcritical
is not,2,VBZ_is RB_not
hospital,2,NN_hospital
education,2,NN_education
similar to,3,JJ_similar TO_to
highly,2,RB_highly
higher,3,JJR_higher
a significant,2,DT_a JJ_significant
are a,2,VBP_are DT_a
and c,2,CC_and NNP_C
associated withcritical illness,2,VBD_associated JJ_withcritical NN_illness
for the,2,IN_for DT_the
ratio,2,NN_ratio
rates,2,NNS_rates
range,3,NN_range
child,2,NN_child
by the,2,IN_by DT_the
withcritical illness,2,JJ_withcritical NN_illness
etiology,2,NN_etiology
haart,2,NN_HAART
information,3,NN_information
human,2,JJ_human
the range,2,DT_the NN_range
and mortality,2,CC_and NN_mortality
hyperglycemia,2,NNP_Hyperglycemia
patients with,3,NNS_patients IN_with
control,4,NN_control
predictor,2,NN_predictor
patient,3,VBP_patient
to occupational health,2,TO_to JJ_occupational NN_health
care and,2,NN_care CC_and
active antiretroviral,2,JJ_active JJ_antiretroviral
work,2,NN_work
chronic,2,JJ_chronic
needed to,2,VBN_needed TO_to
as the,3,IN_as DT_the
this article,4,DT_This NN_article
immunodeficiencyvirus hiv,3,NNS_immunodeficiencyvirus NNP_HIV
knowledge,2,NN_knowledge
practice,3,NN_practice
reduction,2,NN_reduction
patients is,2,NNS_patients VBZ_is
such as,5,JJ_such IN_as
factors,2,NNS_factors
morbidity and mortality,2,NN_morbidity CC_and NN_mortality
survey,2,NN_survey
disorders,2,NNS_disorders
receptors,2,NNS_receptors
mortality,2,NN_mortality
related,4,VBN_related
of s,2,IN_of NNP_S
because they,2,IN_because PRP_they
process,2,NN_process
criticalcare,3,NN_criticalcare
current,3,JJ_current
collaboration,3,NN_collaboration
human immunodeficiencyvirus hiv,2,JJ_human NNS_immunodeficiencyvirus NNP_HIV
common,2,JJ_common
occupational health nurses,2,NNP_Occupational NN_health NNS_nurses
treatment,6,NN_treatment
pathophysiology,3,NN_pathophysiology
the effect,2,DT_The NN_effect
antiretroviral therapy haart,2,JJ_antiretroviral NN_therapy NN_HAART
metabolic,2,JJ_metabolic
of highly,2,IN_of RB_highly
are as,2,VBP_are RB_as
of highly active antiretroviral,2,IN_of RB_highly JJ_active JJ_antiretroviral
glucose,2,NN_glucose
immune,2,NN_immune
nurse,2,NN_nurse
prevention,3,NN_prevention
response,2,NN_response
determined,2,VBD_determined
showed,2,VBD_showed
throughout the,2,IN_throughout DT_the
nicotine,2,NN_nicotine
's,2,POS_'s
based on,2,VBN_based IN_on
antiretroviral,2,JJ_antiretroviral
highly active,2,RB_highly JJ_active
events,2,NNS_events
patients,7,NNS_patients
greater,3,JJR_greater
problem,2,NN_problem
research,2,NN_research
sites,2,VBZ_sites
significant,2,JJ_significant
release of,2,NN_release IN_of
release in,2,NN_release IN_in
peripheral,2,JJ_peripheral
care,5,NN_care
case,2,NN_case
morbidity and,2,NN_morbidity CC_and
compared,2,VBN_compared
showed an,2,VBD_showed DT_an
related to,3,VBN_related TO_to
ability,2,NN_ability
to occupational health nurses,2,TO_to JJ_occupational NN_health NNS_nurses
highly active antiretroviral,2,RB_highly JJ_active JJ_antiretroviral
diabetes,4,NNS_diabetes
states,2,NNS_states
the ability,2,DT_the NN_ability
foroccupational,2,NNP_forOccupational
studies,4,NNS_studies
health,4,NN_health
conditions,4,NNS_conditions
hiv infection,3,NNP_HIV NN_infection
illness are,2,NN_illness VBP_are
risk,2,NN_risk
role,2,NN_role
compounds,2,NNS_Compounds
fluid,2,NN_fluid
led to,2,VBN_led TO_to
in critically,2,IN_in RB_critically
assess,2,NN_assess
understanding,4,NN_understanding
review,3,NN_review
attention,2,NN_attention
critically ill patients,2,RB_critically JJ_ill NNS_patients
nachrs,2,NNS_nAChRs
of highly active,2,IN_of RB_highly JJ_active
appear to,2,VBP_appear TO_to
hiv,3,NNP_HIV
with hiv,2,IN_with NNP_HIV
guide,2,NNP_Guide
from the,2,IN_from DT_the
ill patients,2,JJ_ill NNS_patients
increased,3,VBN_increased
needed,2,VBN_needed
provide,2,VB_provide
an understanding,2,DT_an NN_understanding
evidence,3,NN_evidence
history,3,NN_history
therapy,3,NN_therapy
and an,2,CC_and DT_an
and the,4,CC_and DT_the
and how,2,CC_and WRB_how
setting,3,NN_setting
critically ill,2,RB_critically JJ_ill
number,3,NN_number
will aid,2,MD_will VB_aid
purpose,2,NN_purpose
for patients with,2,IN_for NNS_patients IN_with
toxic,2,JJ_toxic
total,2,NN_total
to the,3,TO_to DT_the
increasing,2,VBG_increasing
to their,2,TO_to PRP$_their
disorders of,2,NNS_disorders IN_of
ill,3,JJ_ill
is a,5,VBZ_is DT_a
therapy haart,2,NN_therapy NN_HAART
associated with,3,VBN_associated IN_with
rat,2,NN_rat
one of,2,CD_One IN_of
on the,3,IN_on DT_the
distribution,2,NN_distribution
antiretroviral therapy,2,JJ_antiretroviral NN_therapy
comorbid conditions,2,VBD_comorbid NNS_conditions
effect,2,NN_effect
condition,2,NN_condition
this article will,2,DT_this NN_article MD_will
high,3,JJ_high
influence,2,NN_influence
in critically ill,2,IN_in RB_critically JJ_ill
costs,2,NNS_costs
valid,2,JJ_valid
may be,2,MD_may VB_be
infection,3,NN_infection
recovery,2,NN_recovery
system,2,NN_system
patient care,2,NN_patient NN_care
release,3,NN_release
disease,4,NN_disease
index,2,NN_index
in the,6,IN_in DT_the
presents,2,NNS_presents
general,2,JJ_general
as well,3,IN_as RB_well
active antiretroviral therapy haart,2,JJ_active JJ_antiretroviral NN_therapy NN_HAART
nurses,4,NNS_nurses
components,2,NNS_components
was to,2,VBD_was TO_to
mild,2,VB_mild
admission,2,NN_admission
active,2,JJ_active
to occupational,2,TO_to NNP_Occupational
understanding of the,2,NN_understanding IN_of DT_the
to assess,2,TO_to NN_assess
model,3,NN_model
human immunodeficiencyvirus,2,JJ_human NNS_immunodeficiencyvirus
and management,2,CC_and NN_management
basic,2,JJ_basic
based,4,VBN_based
for patients,2,IN_for NNS_patients
such as the,2,JJ_such IN_as DT_the
the child,2,DT_the NN_child
therapeutic,2,JJ_therapeutic
of hiv,2,IN_of NNP_HIV
of the,11,IN_of DT_the
roles,2,NNS_roles
lengths,2,NNS_lengths
induced,4,VBD_induced
management,5,NN_management
physiologic,2,JJ_physiologic
similar,3,JJ_similar
clinical,4,JJ_clinical
have been,2,VBP_have VBN_been
associated withcritical,2,VBD_associated JJ_withcritical
difficult to,2,NN_difficult TO_to
and treatment,3,CC_and NN_treatment
will aid in,2,MD_will VB_aid IN_in
stress,3,NN_stress
