ngram,documents,POS tagged
epidemiological,5,JJ_epidemiological
for thetreatment of,2,IN_for NN_thetreatment IN_of
does not,3,VBZ_does RB_not
the possible,2,DT_the JJ_possible
thevarious,2,JJ_thevarious
heterosexuals,2,NNS_heterosexuals
article,3,NN_article
of infection,2,IN_of NN_infection
is associated with,2,VBZ_is VBN_associated IN_with
thedevelopment of,7,NN_thedevelopment IN_of
hbv and,2,NNP_HBV CC_and
and from,2,CC_and IN_from
the first and,2,DT_the JJ_first CC_and
positiveresults in,2,NNS_positiveresults IN_in
susceptibility,2,NN_susceptibility
center,2,NNP_Center
these patients,6,DT_these NNS_patients
laboratory,2,NN_laboratory
finding,2,NN_finding
recent,4,NNP_Recent
hiv infectedpatients,7,NNP_HIV NNS_infectedpatients
cancer,2,NN_cancer
serum,2,NN_serum
serotype,3,VBP_serotype
hepatitis is,2,NNP_Hepatitis VBZ_is
infection was,2,NN_infection VBD_was
infection and,2,NN_infection CC_and
infection has,2,NN_infection VBZ_has
that in vitro,2,IN_that IN_in NN_vitro
the species,2,DT_The NNS_species
morbidity,2,NN_morbidity
outcome,2,NN_outcome
health problems,2,NN_health NNS_problems
in spanish,3,IN_in NNP_Spanish
factor,2,NN_factor
strains,3,NNS_strains
oral,4,JJ_oral
of some,2,IN_of DT_some
conclusion,4,NN_CONCLUSION
that there,2,IN_that EX_there
prior,2,JJ_prior
counts,3,NNS_counts
infected with hiv,2,VBD_infected IN_with NNP_HIV
a,37,DT_a
an,21,DT_an
as,19,IN_as
at,9,IN_at
wasconsidered,2,VBD_wasconsidered
b,9,NNP_B
be,17,VB_be
by,16,IN_by
c,12,NNP_C
ci,4,NNP_CI
cd,8,NNP_CD
b virus,2,NNP_B NN_virus
pharmacological,2,JJ_pharmacological
of children,2,IN_of NNS_children
de,2,IN_de
the lowest,2,DT_the JJS_lowest
a high,4,DT_a JJ_high
from to,2,IN_from TO_to
who havesex with men,2,WP_who NN_havesex IN_with NNS_men
is a high prevalence,2,VBZ_is DT_a JJ_high NN_prevalence
excluded,2,VBN_excluded
public health,2,JJ_public NN_health
g p,2,NNP_G NN_p
to hivinfection,2,TO_to NNP_HIVinfection
born,2,NN_born
body,3,NN_body
developing,2,VBG_developing
developed a,2,VBD_developed DT_a
greater risk,2,JJR_greater NN_risk
the years,2,DT_the NNS_years
h,2,NNP_H
antiretrovirals,2,NNS_antiretrovirals
papilloma,2,NN_papilloma
is,28,VBZ_is
it,10,PRP_it
in,41,IN_in
id,2,NNP_ID
if,3,IN_If
optimal,2,JJ_optimal
an important,2,DT_an JJ_important
conducted,2,VBN_conducted
diagnostic,2,JJ_diagnostic
one of the,2,CD_one IN_of DT_the
study has been,2,NN_study VBZ_has VBN_been
if the,2,IN_If DT_the
were obtained from,2,VBD_were VBN_obtained IN_from
ml,2,NNP_mL
hiv co infection,2,NNP_HIV NN_co NN_infection
n,2,NN_n
no,7,DT_no
on therapy,2,IN_on NN_therapy
combination,4,NN_combination
infected patients and,2,VBD_infected NNS_patients CC_and
to determine,6,TO_to VB_determine
on,18,IN_on
of,41,IN_of
or,23,CC_or
was the,3,VBD_was DT_the
the aim of this,7,DT_The NN_aim IN_of DT_this
p,5,NN_p
patients receiving,2,NNS_patients VBG_receiving
age,9,NN_age
aim,7,NNP_AIM
a in,2,DT_A IN_in
as a,2,IN_as DT_a
s,2,NNP_S
so,2,RB_so
study is to,4,NN_study VBZ_is TO_to
in spanish patients,2,IN_in NNP_Spanish NNS_patients
to,38,TO_to
tb,2,NNP_TB
as observed,2,IN_As VBN_observed
in thisstudy,2,IN_In NN_thisstudy
percentage of,2,NN_percentage IN_of
to a,2,TO_to DT_a
tmc,2,NNP_TMC
up,5,IN_up
quality of life,2,NN_quality IN_of NN_life
are needed,2,VBP_are VBN_needed
vs,3,NNS_vs
we,11,PRP_We
hospitals,3,NNS_hospitals
pregnancy,2,NN_pregnancy
who have,3,WP_who VBP_have
a high prevalenceof,2,DT_a JJ_high NN_prevalenceof
to describe,6,TO_to VB_describe
tuberculosis,6,NNP_Tuberculosis
factors associated,2,NNS_factors VBN_associated
long term,2,JJ_long NN_term
although the,2,IN_Although DT_the
treatmentof,2,NN_treatmentof
treatment is,2,NN_treatment VBZ_is
multidrug,2,NN_multidrug
predominant,2,NN_predominant
andprogression,2,NN_andprogression
highlyactive antiretroviral therapy,6,JJ_highlyactive JJ_antiretroviral NN_therapy
occurred,3,VBD_occurred
candidiasis,2,NN_candidiasis
samples of,4,NNS_samples IN_of
public hospitals in madrid,2,JJ_public NNS_hospitals IN_in NNP_Madrid
previous,2,JJ_Previous
associationbetween,3,NN_associationbetween
in order to,3,IN_in NN_order TO_to
spain,8,NNP_Spain
in cases,5,IN_In NNS_cases
this study is,3,DT_this NN_study VBZ_is
immigration,2,NN_immigration
is to describe,3,VBZ_is TO_to VB_describe
doses,3,NNS_doses
adult patients,2,NN_adult NNS_patients
health care,2,NN_health NN_care
themanagement,3,VB_themanagement
opportunistic infections,3,JJ_opportunistic NNS_infections
inthree,2,VBP_inthree
in these,6,IN_in DT_these
in their,2,IN_in PRP$_their
sex with men,3,VBP_sex IN_with NNS_men
coinfection,5,NN_coinfection
of this,11,IN_of DT_this
was examinedand,2,VBD_was VBN_examinedand
an increase in the,2,DT_An NN_increase IN_in DT_the
virus hiv infection,2,VBZ_virus NNP_HIV NN_infection
risk factors,5,NN_risk NNS_factors
studies in,2,NNS_studies IN_in
a decrease,2,DT_a NN_decrease
tumors,2,NNS_tumors
an increase,4,DT_an NN_increase
hiv positive patients,6,NNP_HIV JJ_positive NNS_patients
exposure to the,2,NN_exposure TO_to DT_the
skin,3,NN_skin
show,3,VBP_show
side,2,NN_side
affect,5,VB_affect
included in,3,VBN_included IN_in
are the most,2,VBP_are DT_the RBS_most
frequency,3,NN_frequency
has been to determine,2,VBZ_has VBN_been TO_to VB_determine
inour country,3,NN_inour NN_country
background,6,NN_BACKGROUND
examinedand an oral,2,VBN_examinedand DT_an JJ_oral
men who have sex,3,NNS_men WP_who VBP_have VBP_sex
due,9,VB_due
of the virus,2,IN_of DT_the NN_virus
in addition the,2,IN_In NN_addition DT_the
this study was to,3,DT_this NN_study VBD_was TO_to
an increase in,3,DT_an NN_increase IN_in
negative,2,JJ_negative
diseases,9,NNS_diseases
decreased,4,VBN_decreased
the aim of,6,DT_the NN_aim IN_of
human papilloma,2,JJ_human NN_papilloma
measurement,2,NN_measurement
and sexual,4,CC_and JJ_sexual
involved in viral,2,VBN_involved IN_in JJ_viral
sexual behavior,2,JJ_sexual NN_behavior
medium,2,NN_medium
progression of,2,NN_progression IN_of
to know,2,TO_To VB_know
conclusions,7,NNS_CONCLUSIONS
social,3,JJ_social
of thevarious,2,IN_of JJ_thevarious
were studied,3,VBD_were VBN_studied
antibodies,2,NNS_antibodies
union,2,NNP_Union
material,2,NNP_MATERIAL
considered,5,VBN_considered
average,2,JJ_average
been to determine,2,VBN_been TO_to VB_determine
species,2,NNS_species
depending on,3,VBG_depending IN_on
an oral,2,DT_an JJ_oral
objective,7,NN_objective
in clinical,5,IN_in JJ_clinical
determine,6,VB_determine
activeantiretroviral therapy,6,JJ_activeantiretroviral NN_therapy
depending on the,2,VBG_depending IN_on DT_the
of the body,2,IN_of DT_the NN_body
of mortality,3,IN_of NN_mortality
was to describe the,2,VBD_was TO_to VB_describe DT_the
with a,6,IN_with DT_a
depression,2,NN_depression
very significant,2,RB_very JJ_significant
of the patient,2,IN_of DT_the NN_patient
search for,2,NN_search IN_for
hepatitis b,4,VBZ_hepatitis NNP_B
hepatitis c,2,NNP_Hepatitis NNP_C
drug resistance,2,NN_drug NN_resistance
study was to,3,NN_study VBD_was TO_to
coinfected,4,VBD_coinfected
two new,2,CD_two JJ_new
methods,12,NNP_METHODS
incidence of,2,NN_incidence IN_of
aim of,7,NN_aim IN_of
public,3,JJ_public
follow up,2,NN_follow IN_up
decrease,3,NN_decrease
type,3,NN_type
tool,2,NN_tool
to be,6,TO_to VB_be
time,3,NN_time
test,2,NN_test
term,3,NN_term
in vitro,2,IN_in NN_vitro
in viral,2,IN_in JJ_viral
sexually transmitted,4,RB_sexually VBN_transmitted
phase,3,NN_phase
stage,2,NN_stage
study,17,NN_study
and changes,3,CC_and NNS_changes
the course,2,DT_the NN_course
tract,2,NN_tract
trend,2,NN_trend
differences,3,NNS_differences
less than,2,JJR_less IN_than
exposure to,3,NN_exposure TO_to
risk factor for,2,NN_risk NN_factor IN_for
immunodeficiency virus,5,NN_immunodeficiency VBZ_virus
the generalpopulation,2,DT_the NN_generalpopulation
who have sex,3,WP_who VBP_have VBP_sex
liver,4,NN_liver
glabrata,2,NN_glabrata
cell count,3,NN_cell NN_count
variability,2,NN_variability
the number,4,DT_the NN_number
outcome and,2,NN_outcome CC_and
individualized,2,JJ_individualized
percentage,2,NN_percentage
predominantly,2,RB_predominantly
the introduction of,2,DT_the NN_introduction IN_of
theavailability,2,NN_theavailability
the purpose of,2,DT_The NN_purpose IN_of
aids patients,2,NNP_AIDS NNS_patients
positiveresults,2,NNS_positiveresults
spanish,6,NNP_Spanish
antibiotic,2,JJ_antibiotic
new cases,2,JJ_new NNS_cases
antiretroviral therapies,2,NNP_Antiretroviral NNS_therapies
adherence to,2,NN_adherence TO_to
is not,3,VBZ_is RB_not
is the,3,VBZ_is DT_the
the prevalence,6,DT_the NN_prevalence
with an,3,IN_with DT_an
was observed,2,VBD_was VBN_observed
the search,2,DT_the NN_search
of positive,2,IN_of JJ_positive
hospital,4,NNP_Hospital
institute,2,NNP_Institute
was associated with,3,VBD_was VBN_associated IN_with
candida albicans,3,NNP_Candida NNS_albicans
to determine the prevalence,2,TO_to VB_determine DT_the NN_prevalence
concentration,2,NN_concentration
descriptivestudy,2,NN_descriptivestudy
characteristics,2,NNS_characteristics
a greater risk,2,DT_a JJR_greater NN_risk
first and,2,JJ_first CC_and
factors for,3,NNS_factors IN_for
drug abuse,2,NN_drug NN_abuse
highly,7,RB_highly
higher,5,JJR_higher
isolation,2,NN_isolation
risk factor,2,NN_risk NN_factor
results among,2,NNS_RESULTS IN_Among
in the generalpopulation,2,IN_in DT_the NN_generalpopulation
of hiv infected,5,IN_of NNP_HIV VBD_infected
infections,9,NNS_infections
was examinedand an,2,VBD_was VBN_examinedand DT_an
levels,3,NNS_levels
determine the,5,VB_determine DT_the
anti,5,NN_anti
anal,2,JJ_anal
and c,3,CC_and NNP_C
and a,2,CC_and DT_a
aids,9,NNP_AIDS
agar,2,NN_agar
has been,12,VBZ_has VBN_been
use of,4,NN_use IN_of
for hiv,2,IN_for NNP_HIV
for the,11,NNP_For DT_the
ratio,2,NN_ratio
rates,3,NNS_rates
highlyactive antiretroviral therapy haart,3,JJ_highlyactive JJ_antiretroviral NN_therapy NN_HAART
notable,2,JJ_notable
our country,2,PRP$_our NN_country
diseases std,3,NNS_diseases NNP_STD
problems,6,NNS_problems
to this,3,TO_to DT_this
increasedby,2,NN_increasedby
child,2,NN_child
sensitivity,2,NN_sensitivity
improvement,2,NN_improvement
for life,2,IN_for NN_life
by the,3,IN_by DT_the
children born,2,NNS_children VBP_born
oral candidosis,2,JJ_oral NN_candidosis
amphotericin,2,VBP_amphotericin
economic and,2,JJ_economic CC_and
to determine the,5,TO_to VB_determine DT_the
pcr,2,NNP_PCR
examinedand an,2,VBN_examinedand DT_an
detected,3,VBN_detected
biopsy,2,NN_biopsy
candida albicans isolates,2,NNP_Candida NNS_albicans VBZ_isolates
not yet,2,RB_not RB_yet
field,3,NN_field
therapy to,2,NN_therapy TO_to
therapies,2,NNS_therapies
groups,2,NNS_groups
clinical features,2,NNP_Clinical NNS_features
completed,2,VBN_completed
isolates were,2,VBZ_isolates VBD_were
andchanges in,2,NNS_andchanges IN_in
this population,2,DT_this NN_population
isolated,5,VBD_isolated
isolates,5,VBZ_isolates
toxicity,3,NN_toxicity
leads to,2,NNS_leads TO_to
considered in,2,VBN_considered IN_in
have a,3,VB_have DT_a
haart,6,NN_HAART
literature,2,NN_Literature
their own,2,PRP$_their JJ_own
mean age,3,JJ_mean NN_age
information,2,NN_Information
weights,2,NNS_weights
the isolates,2,DT_the NNS_isolates
vaccine against human,2,NN_vaccine IN_against JJ_human
alcohol,2,NN_alcohol
study has been to,2,NN_study VBZ_has VBN_been TO_to
period,4,NN_period
human,8,NN_human
help them,2,VB_help PRP_them
out by,2,RP_out IN_by
diagnosed,4,VBN_diagnosed
diagnosis,6,NN_diagnosis
andmortality,2,NN_andmortality
interruption,2,NN_interruption
factors for hiv,2,NNS_factors IN_for NNP_HIV
drugs and,2,NNS_drugs CC_and
lead to,3,VB_lead TO_to
hiv infection has been,2,NNP_HIV NN_infection VBZ_has VBN_been
patients were,4,NNS_Patients VBD_were
patients with,10,NNS_patients IN_with
public hospitals,2,JJ_public NNS_hospitals
potency,2,NN_potency
prevalence,9,NN_prevalence
to compare,2,TO_to VB_compare
that was,2,WDT_that VBD_was
that the,3,IN_that DT_the
that can,3,IN_that MD_can
that may,3,IN_that MD_may
support,2,NN_support
association,6,NN_association
all the isolates,2,DT_all DT_the NNS_isolates
department,2,NNP_Department
patients coinfected with,2,NNS_Patients VBD_coinfected IN_with
has become,2,VBZ_has VBN_become
material and,2,NNP_MATERIAL NNP_AND
have sex with,3,VBP_have VBP_sex IN_with
observed in,3,VBN_observed IN_in
results,19,NNS_RESULTS
addition the,2,NN_addition DT_the
the patient and,2,DT_the NN_patient CC_and
aim of this study,5,NN_aim IN_of DT_this NN_study
reports,3,NNS_reports
control,7,NN_control
contact,2,NN_contact
virus,12,NN_virus
viral,8,JJ_viral
vitro,2,NN_vitro
thedisease,4,NN_thedisease
phase of,2,NN_phase IN_of
the different,2,DT_the JJ_different
the aids,2,DT_the NNS_aids
a priority,2,DT_a NN_priority
vaccine,4,NN_vaccine
patient,6,NN_patient
the increase,2,DT_the NN_increase
have sex with men,3,VBP_have VBP_sex IN_with NNS_men
explain thelack,2,VB_explain NN_thelack
increased and,2,VBD_increased CC_and
activeantiretroviral,3,JJ_activeantiretroviral
infected with,3,VBD_infected IN_with
enables,2,NNS_enables
on the development of,2,IN_on DT_the NN_development IN_of
well studied,2,RB_well VBN_studied
gene,2,NN_gene
of this study,9,IN_of DT_this NN_study
of treatment,2,IN_of NN_treatment
progression,2,NN_progression
depending,2,VBG_depending
wide,2,NN_wide
work,2,NN_work
was a,2,VBD_was DT_a
according to,4,VBG_according TO_to
chronic,6,JJ_chronic
sex,5,NN_sex
std,3,NNP_STD
spp,2,NN_spp
an increased,2,DT_an VBN_increased
purpose of this,3,NN_purpose IN_of DT_this
was associated,3,VBD_was VBN_associated
in addition,4,IN_In NN_addition
this article,2,DT_this NN_article
immunodeficiency virus hiv,5,NN_immunodeficiency VBZ_virus NNP_HIV
frequency of,3,NN_frequency IN_of
ofhepatotoxicity,2,NN_ofhepatotoxicity
determine the prevalence,2,VB_determine DT_the NN_prevalence
is increasing,2,VBZ_is VBG_increasing
be given,2,VB_be VBN_given
knowledge,3,NN_knowledge
there is a high,2,EX_There VBZ_is DT_a JJ_high
positive patients,7,JJ_positive NNS_patients
economic,2,JJ_economic
practised,2,VBN_practised
carried,3,VBN_carried
is to describe the,2,VBZ_is TO_to VB_describe DT_the
the search for,2,DT_the NN_search IN_for
improve,3,VB_improve
practice,2,NN_practice
c virus,2,NNP_C NN_virus
has also,2,VBZ_has RB_also
patients in,2,NNS_patients IN_in
patients is,3,NNS_patients VBZ_is
patients on,2,NNS_patients IN_on
patient and,2,NN_patient CC_and
types of,2,NNS_Types IN_of
the spanish,2,DT_the NNP_Spanish
such as,5,JJ_such IN_as
adherence,7,NN_adherence
albicans isolates,2,NNS_albicans VBZ_isolates
it seems,2,PRP_it VBZ_seems
control of the,4,NN_control IN_of DT_the
essential,2,JJ_essential
treatment interruption,2,NN_treatment NN_interruption
reviews,2,NNS_reviews
emtricitabine,2,NN_emtricitabine
in mortality,2,IN_in NN_mortality
unusual,2,JJ_unusual
global,2,NNP_Global
men who,3,NNS_men WP_who
can help,3,MD_can VB_help
techniques in,2,NNS_techniques IN_in
other studies,2,JJ_other NNS_studies
the introduction,2,DT_the NN_introduction
means,2,NNS_means
failure,2,NN_failure
factors,8,NNS_factors
the epidemiological,2,DT_The JJ_epidemiological
the infection,3,DT_the NN_infection
recorded,2,VBN_recorded
drugs or,2,NNS_drugs CC_or
of the infection,3,IN_of DT_the NN_infection
this study is to,3,DT_this NN_study VBZ_is TO_to
young,2,JJ_young
a previously,2,DT_a RB_previously
of highlyactive antiretroviral therapy,2,IN_of JJ_highlyactive JJ_antiretroviral NN_therapy
mortality,6,NN_mortality
andresults,2,NNS_andresults
is important,2,VBZ_is JJ_important
last years,2,JJ_last NNS_years
finally,2,RB_Finally
neoplasia,3,NN_neoplasia
related,9,VBN_related
search,2,NN_search
describe,6,VBP_describe
of antiretroviral,3,IN_of JJ_antiretroviral
ofc,3,NNP_OFC
of a,5,IN_of DT_a
or c,2,CC_or NNP_C
an aids,2,DT_an NNP_AIDS
the therapeutic,2,DT_the JJ_therapeutic
transmitted,4,VBN_transmitted
spanish patients,2,NNP_Spanish NNS_patients
the oral cavity,2,DT_The JJ_oral NN_cavity
primary,2,JJ_primary
women,4,NNS_women
world,2,NNP_World
interpretation,2,NN_interpretation
in spain,6,IN_in NNP_Spain
line and,2,NN_line CC_and
sexual relations,2,JJ_sexual NNS_relations
the cases,2,DT_the NNS_cases
children of,2,NNS_children IN_of
a high prevalence,2,DT_a JJ_high NN_prevalence
of drug,2,IN_of NN_drug
weeks,2,NNS_weeks
in and in,2,IN_in CC_and IN_in
efficacy,3,NN_efficacy
the finding,2,DT_The NN_finding
hiv infected patients and,2,NNP_HIV VBD_infected NNS_patients CC_and
interactions,3,NNS_interactions
from other,2,IN_from JJ_other
it has,3,PRP_it VBZ_has
itwas,2,VBD_itwas
andtherapeutic,2,JJ_andtherapeutic
community,2,NN_community
human immunodeficiency virus hiv,4,JJ_human NN_immunodeficiency VBZ_virus NNP_HIV
common,2,JJ_common
the present,5,DT_the NN_present
methods a,2,NNS_METHODS DT_A
immune response,2,NN_immune NN_response
behavior,2,NN_behavior
andmetabolic,2,JJ_andmetabolic
years,11,NNS_years
rna levels,2,NNP_RNA NNS_levels
resistant,3,JJ_resistant
of other,2,IN_of JJ_other
and hiv infection,3,CC_and NNP_HIV NN_infection
of those,2,IN_Of DT_those
of these,4,IN_Of DT_these
of their,2,IN_of PRP$_their
present,8,VBP_present
invasive,2,JJ_invasive
treatment,16,NN_treatment
individuals,4,NNS_individuals
agents,2,NNS_agents
sex with,3,VBP_sex IN_with
in this,3,IN_In DT_this
explain thelack of,2,VB_explain NN_thelack IN_of
cells,2,NNS_cells
that in,2,IN_that IN_in
compare,2,VB_compare
method,2,NN_method
the best,2,DT_the JJS_best
the body,2,DT_the NN_body
role of,2,NN_role IN_of
pathway,2,NN_pathway
and amphotericin b,2,CC_and VBP_amphotericin NNP_B
antiretroviral therapy haart,5,JJ_antiretroviral NN_therapy NN_HAART
in clinicalcategory,2,IN_in NN_clinicalcategory
who had,3,WP_who VBD_had
health problem,2,NN_health NN_problem
metabolic,3,JJ_metabolic
of highly,2,IN_of RB_highly
study was,5,NN_study VBD_was
study has,2,NN_study VBZ_has
tenofovir,2,NN_tenofovir
monitoring,2,VBG_monitoring
severe,2,JJ_severe
paper,2,NN_paper
theavailability of,2,NN_theavailability IN_of
examinedand,2,VBN_examinedand
in other,4,IN_in JJ_other
purpose of this study,3,NN_purpose IN_of DT_this NN_study
virus hpv infection,2,VBZ_virus NNP_HPV NN_infection
lack of,4,NN_lack IN_of
at least,2,IN_at JJS_least
seems to be,2,VBZ_seems TO_to VB_be
developed,4,VBD_developed
areas,2,NNS_areas
a risk,2,DT_a NN_risk
high prevalenceof,2,JJ_high NN_prevalenceof
the purpose of this,2,DT_The NN_purpose IN_of DT_this
our hospital,2,PRP$_our JJ_hospital
to achieve,2,TO_to VB_achieve
between and,2,IN_between CC_and
between the,2,IN_between DT_the
homosexual,2,JJ_homosexual
change,2,VB_change
of hiv infection has,2,IN_of NNP_HIV NN_infection VBZ_has
humanimmunodeficiency,5,NN_humanimmunodeficiency
a totalof,2,DT_A NN_totalof
were the,2,VBD_were DT_the
were not,2,VBD_were RB_not
antiretroviral drugs,2,JJ_antiretroviral NNS_drugs
female,3,JJ_female
mediated,2,VBN_mediated
clinicaland,3,NN_clinicaland
transmission,2,NN_transmission
other countries,2,JJ_other NNS_countries
immune,3,NN_immune
adverse effects,2,NN_adverse NNS_effects
the national,2,DT_the JJ_national
this new,2,DT_this JJ_new
as observed in other,2,IN_As VBN_observed IN_in JJ_other
response,3,NN_response
determined,2,VBN_determined
proportion,2,NN_proportion
and the clinical,2,CC_and DT_the JJ_clinical
showed,7,VBD_showed
and another,2,CC_and DT_another
',2,''_'
's,4,POS_'s
institute of,2,NNP_Institute IN_of
serological,3,JJ_serological
cd cell,3,NNP_CD NN_cell
found,4,VBN_found
forms,2,NNS_forms
hbv infection,2,NNP_HBV NN_infection
based in,2,VBN_Based IN_in
based on,2,VBN_based IN_on
of thedisease,3,IN_of NN_thedisease
tests,3,NNS_tests
the hiv,4,DT_The NNP_HIV
thenew,3,VB_thenew
the aim,7,DT_the NN_aim
the age,2,DT_the NN_age
antiretroviral,14,JJ_antiretroviral
infectedpatients,7,NNS_infectedpatients
highlyactive,5,JJ_highlyactive
exposure,3,NN_exposure
most frequently,2,JJS_most RB_frequently
children,4,NNS_children
patients,22,NNS_Patients
country,3,NN_country
the presenceof,5,DT_the NN_presenceof
observed,8,VBN_observed
greater,3,JJR_greater
reasonable,2,JJ_reasonable
ahigher,5,JJR_ahigher
mortality rates,2,NN_mortality NNS_rates
did not,2,VBD_did RB_not
group,4,NN_group
clinicalcategory,2,NN_clinicalcategory
of oral,2,IN_of JJ_oral
susceptible,3,JJ_susceptible
candidosis,3,NN_candidosis
been to,2,VBN_been TO_to
partners and,3,NNS_partners CC_and
from patients,2,IN_from NNS_patients
aserious,2,JJ_aserious
problem,2,NN_problem
who have sex with,3,WP_who VBP_have VBP_sex IN_with
frequent,2,JJ_frequent
are the,7,VBP_are DT_the
course of,2,NN_course IN_of
presented,4,VBN_presented
dueto,10,NN_dueto
partners,3,NNS_partners
thepredominant,2,VBD_thepredominant
will be,3,MD_will VB_be
adult,3,NN_adult
risk of,7,NN_risk IN_of
risk in,2,NN_risk IN_in
research,3,NN_research
previously,3,RB_previously
papilloma virus,2,NN_papilloma VBZ_virus
vaccine against,2,NN_vaccine IN_against
sexual,7,JJ_sexual
papilloma virus hpv,2,NN_papilloma VBZ_virus NNP_HPV
the virus,2,DT_the NN_virus
epidemiological andclinical,2,JJ_epidemiological JJ_andclinical
significant,4,JJ_significant
period of,2,NN_period IN_of
intravenousdrug,3,NN_intravenousdrug
opportunistic,4,JJ_opportunistic
were detected,3,VBD_were VBN_detected
due to the,3,VB_due TO_to DT_the
the treatment,4,DT_the NN_treatment
carried out,3,VBN_carried RP_out
of life and,2,IN_of NN_life CC_and
viral load,3,JJ_viral NN_load
has been to,2,VBZ_has VBN_been TO_to
duringpregnancy,2,NN_duringpregnancy
experience,3,NN_experience
reduced,2,VBN_reduced
cost,2,VB_cost
care,5,NN_care
case,2,NN_case
cell,7,NN_cell
important,6,JJ_important
history of,3,NN_history IN_of
respiratory,3,NN_respiratory
compared,6,NNP_Compared
hospitals in,2,NNS_hospitals IN_in
which could,3,WDT_which MD_could
of this study has,2,IN_of DT_this NN_study VBZ_has
of this study was,3,IN_of DT_this NN_study VBD_was
life and,2,NN_life CC_and
a greater risk of,2,DT_a JJR_greater NN_risk IN_of
during the,3,IN_during DT_the
study is to describe,2,NN_study VBZ_is TO_to VB_describe
all the,2,DT_all DT_the
in patients,6,IN_in NNS_patients
direct contact,2,JJ_direct NN_contact
cell count and,2,NN_cell NN_count CC_and
accurate,2,JJ_accurate
serological diagnosis,2,JJ_serological NN_diagnosis
related to,7,VBN_related TO_to
or their,2,CC_or PRP$_their
itsuse,2,NN_itsuse
in other countries,2,IN_in JJ_other NNS_countries
fluconazole,2,NNP_Fluconazole
reference,2,NN_reference
lesions,4,NNS_lesions
highlyactive antiretroviral,3,JJ_highlyactive JJ_antiretroviral
virological,2,JJ_virological
be considered,2,VB_be VBN_considered
children and,2,NNS_children CC_and
effective,4,JJ_effective
effects of,2,NNS_effects IN_of
analysis,4,NN_analysis
been to determine the,2,VBN_been TO_to VB_determine DT_the
study was conducted,2,NN_study VBD_was VBN_conducted
studies,7,NNS_studies
studied,6,VBD_studied
study is,4,NN_study VBZ_is
study of,4,NN_study IN_of
hiv infection in,2,NNP_HIV NN_infection IN_in
replication,2,NN_replication
transmitted diseases std,3,VBN_transmitted NNS_diseases NNP_STD
alterations,2,NNS_alterations
health,7,NN_health
according to the,3,VBG_According TO_to DT_the
is important to,2,VBZ_is JJ_important TO_to
patients presented,2,NNS_patients VBN_presented
the clinical,3,DT_the JJ_clinical
relations,2,NNS_relations
hiv infected,7,NNP_HIV VBD_infected
is a high,2,VBZ_is DT_a JJ_high
as observed in,2,IN_As VBN_observed IN_in
drugs with,2,NNS_drugs IN_with
the patient,3,DT_the NN_patient
hiv infection,14,NNP_HIV NN_infection
introduction of,2,NN_introduction IN_of
second line,2,JJ_second NN_line
is becoming,2,VBZ_is VBG_becoming
frequently,4,RB_frequently
have sex,3,VBP_have VBP_sex
have not,2,VBP_have RB_not
lead,4,VB_lead
lack,4,NN_lack
load,2,NN_load
life,5,NN_life
line,3,NN_line
concurrent,2,NN_concurrent
on the development,2,IN_on DT_the NN_development
risk,14,VB_risk
role,3,NN_role
rate,4,NN_rate
inclinical practice,2,JJ_inclinical NN_practice
than those,2,IN_than DT_those
there were,2,RB_there VBD_were
descriptive studyof all,2,NNP_Descriptive IN_studyof DT_all
sexual partners,2,JJ_sexual NNS_partners
requires,2,VBZ_requires
required,2,VBN_required
intravenous,3,JJ_intravenous
in patients with,3,IN_in NNS_patients IN_with
should be,4,MD_should VB_be
medication,2,NN_medication
were obtained,3,VBD_were VBN_obtained
prolonged,2,JJ_prolonged
symptoms,2,NNS_symptoms
occurred in,3,VBD_occurred IN_in
c albicans,3,NNP_C NNS_albicans
proteins,3,NNS_Proteins
proteaseinhibitors,2,NNS_proteaseinhibitors
in hiv infected,3,IN_in NNP_HIV VBD_infected
andconsequently,2,RB_andconsequently
countries,3,NNS_countries
direct contact with,2,JJ_direct NN_contact IN_with
leads,2,NNS_leads
adjusted,2,VBN_adjusted
of life,3,IN_of NN_life
against human,2,IN_against JJ_human
the purpose,2,DT_The NN_purpose
factors for hivinfection,2,NNS_factors IN_for NNP_HIVinfection
the association,2,DT_The NN_association
hiv hbv,2,NNP_HIV NNP_HBV
hiv rna,2,NNP_HIV NNP_RNA
the isolation,2,DT_the NN_isolation
descriptive studyof,3,NNP_Descriptive IN_studyof
sexually,4,RB_sexually
techniques,2,NNS_techniques
samples,5,NNS_samples
sexually transmitteddiseases,3,RB_sexually VBZ_transmitteddiseases
shown,3,VBN_shown
review,2,NN_review
the mechanism of,2,DT_the NN_mechanism IN_of
of tuberculosis,2,IN_of NN_tuberculosis
against human immunodeficiency,2,IN_against JJ_human NN_immunodeficiency
immunity,3,NN_immunity
oral cavity,4,NNP_Oral NN_cavity
men,6,NNS_men
in madrid,4,IN_in NNP_Madrid
albicans,4,NNS_Albicans
of highlyactive,2,IN_of JJ_highlyactive
reaction,3,NN_reaction
hcv,2,NNP_HCV
hbv,3,NNP_HBV
hiv,34,NNP_HIV
hpv,2,NNP_HPV
follow,3,NN_follow
treated,3,VBN_treated
two of,2,CD_two IN_of
occurred in men,2,VBD_occurred IN_in NNS_men
unit,2,NN_unit
side effects,2,NN_side NNS_effects
tipranavir,2,NN_tipranavir
with the,7,IN_with DT_the
with men,3,IN_with NNS_men
with hiv,5,IN_with NNP_HIV
in an,3,IN_in DT_an
it is,3,PRP_It VBZ_is
is to,5,VBZ_is TO_to
cryptococcus,2,NNP_Cryptococcus
factor for,2,NN_factor IN_for
patient with,2,NN_patient IN_with
involved in,2,VBN_involved IN_in
the lack,4,DT_The NN_lack
the last,2,DT_the JJ_last
from the,5,IN_from DT_the
in cases of,2,IN_In NNS_cases IN_of
quality,2,NN_quality
of adherence,3,IN_of NN_adherence
descriptive,2,NNP_Descriptive
experienced,2,VBN_experienced
respiratory tract,2,NN_respiratory NN_tract
madrid,4,NNP_Madrid
risk ofhepatotoxicity,2,NN_risk NN_ofhepatotoxicity
in which,2,IN_in WDT_which
andlong term,2,IN_andlong NN_term
types,2,NNS_types
series,2,NN_series
and health,2,CC_and NN_health
sexually transmitted diseases std,3,RB_sexually VBN_transmitted NNS_diseases NNP_STD
the course of,2,DT_the NN_course IN_of
in order,4,IN_in NN_order
prevalenceof,6,NN_prevalenceof
hiv infection and,2,NNP_HIV NN_infection CC_and
hiv infection has,2,NNP_HIV NN_infection VBZ_has
hivinfection was,2,NNP_HIVinfection VBD_was
and amphotericin,2,CC_and VBP_amphotericin
cohort,2,NN_cohort
early,2,RB_early
results in,2,NNS_results IN_in
plasma,2,NN_plasma
increases,3,NNS_increases
increased,6,VBN_increased
needed,3,VBN_needed
cause of,3,NN_cause IN_of
provide,2,NN_provide
national,2,JJ_national
increase in the,3,NN_increase IN_in DT_the
incidence,3,NN_incidence
there is a,5,EX_There VBZ_is DT_a
there are,3,RB_there VBP_are
there was,4,EX_there VBD_was
detect,2,VB_detect
lamivudine,3,NN_lamivudine
infected or,2,VBD_infected CC_or
papilloma virus hpv infection,2,NN_papilloma VBZ_virus NNP_HPV NN_infection
efficacious,2,JJ_efficacious
infection has been,2,NN_infection VBZ_has VBN_been
in particular,2,IN_in JJ_particular
can help to,2,MD_can VB_help TO_to
human papilloma virus hpv,2,JJ_human NN_papilloma VBZ_virus NNP_HPV
the antiretroviral,2,DT_the JJ_antiretroviral
infection in,5,NN_infection IN_in
infection is,5,NN_infection VBZ_is
material and methods,2,NNP_MATERIAL NNP_AND NNP_METHODS
explain,3,VB_explain
authors,2,NNS_authors
control of,6,NN_control IN_of
history,3,NN_history
background and,2,NNP_Background CC_and
there is,8,EX_There VBZ_is
therapy,11,NN_therapy
the role,2,DT_the NN_role
the risk,2,DT_the NN_risk
among hiv,2,IN_among NNP_HIV
aim of this,7,NN_aim IN_of DT_this
isolated in,2,VBN_isolated IN_in
molecular,5,JJ_molecular
tipranavir and,2,NN_tipranavir CC_and
in this population,2,IN_In DT_this NN_population
errors,2,NNS_errors
amphotericin b,2,VBP_amphotericin NNP_B
allcases,2,NNS_allcases
interpretationof,3,NN_interpretationof
it is important to,2,PRP_It VBZ_is JJ_important TO_to
knowledge of,3,NN_knowledge IN_of
patientswith candidosis,2,IN_patientswith NN_candidosis
disease are,2,NN_disease VBP_are
pulmonary,3,NNP_Pulmonary
deal with,2,NN_deal IN_with
and in,8,CC_and IN_in
and it,2,CC_and PRP_it
and or,4,CC_and CC_or
and on,2,CC_and IN_on
and an,2,CC_and DT_an
and to,3,CC_and TO_to
coinfection is,2,NN_coinfection VBZ_is
recent reports,3,NNP_Recent NNS_reports
the first,5,DT_the JJ_first
of syphilis,2,IN_of NNS_syphilis
achieve,2,VB_achieve
and the,10,CC_and DT_the
and are,2,CC_and VBP_are
and hiv,4,CC_and NNP_HIV
abuse,3,NN_abuse
of morbidity,2,IN_of NN_morbidity
decrease in,3,NN_decrease IN_in
specially,2,RB_specially
number,4,NN_number
the highest,2,DT_the JJS_highest
factorsthat,2,WP_factorsthat
resistance to,2,NN_resistance TO_to
determine the prevalence of,2,VB_determine DT_the NN_prevalence IN_of
of opportunistic,2,IN_of JJ_opportunistic
direct,2,JJ_direct
alimited,2,VBN_alimited
a decrease in,2,DT_a NN_decrease IN_in
was conducted,2,VBD_was VBN_conducted
available treatment,3,JJ_available NNP_Treatment
this study,12,DT_this NN_study
purpose,3,NN_purpose
seems to,2,VBZ_seems TO_to
of patients,3,IN_Of NNS_patients
and molecular,2,CC_and JJ_molecular
in these patients,4,IN_in DT_these NNS_patients
discussion,2,NN_DISCUSSION
total,5,JJ_total
to the,13,TO_to DT_the
tohiv,3,NNP_toHIV
tools,2,NNS_tools
andlong,2,IN_andlong
increasing,4,VBG_increasing
increase in,5,NN_increase IN_in
given that,2,VBN_given IN_that
to these,2,TO_to DT_these
were susceptible,2,VBD_were JJ_susceptible
should be considered,2,MD_should VB_be VBN_considered
the aids epidemic,2,DT_the NNS_aids JJ_epidemic
undetectable,2,JJ_undetectable
infected,14,VBN_infected
immunodeficiency virus hiv infection,2,NN_immunodeficiency VBZ_virus NNP_HIV NN_infection
the presence,4,DT_the NN_presence
low,3,JJ_low
results are,2,NNS_results VBP_are
results the,3,NNS_RESULTS DT_The
the most,6,DT_the RBS_most
the mean,2,DT_The JJ_mean
the main,3,DT_the JJ_main
contact with,2,NN_contact IN_with
syphilis,2,NNS_syphilis
the risk of,2,DT_the NN_risk IN_of
in a,6,IN_in DT_a
iii,2,NNP_III
is a,7,VBZ_is DT_a
therapy haart,2,NN_therapy NN_HAART
aspergillosis,2,NNS_aspergillosis
performed,2,VBN_performed
associated with,6,VBN_associated IN_with
risk factors for,2,NN_risk NNS_factors IN_for
rna,3,NNP_RNA
generalpopulation,3,NN_generalpopulation
on hiv,3,IN_on NNP_HIV
one of,2,CD_one IN_of
on the,5,IN_on DT_the
positive,12,JJ_positive
of aids,3,IN_of NNP_AIDS
receiving,2,VBG_receiving
in hiv positivepatients,2,IN_In NNP_HIV NNS_positivepatients
been achieved,2,VBN_been VBN_achieved
distribution,2,NN_distribution
importance,2,NN_importance
it is important,2,PRP_It VBZ_is JJ_important
describe the,5,VBP_describe DT_the
category,2,NN_category
antiretroviral therapy,6,JJ_antiretroviral NN_therapy
in the oral,2,IN_in DT_the JJ_oral
aids epidemic,2,NNS_aids JJ_epidemic
greater risk of,2,JJR_greater NN_risk IN_of
condition,2,VB_condition
public hospitals in,2,JJ_public NNS_hospitals IN_in
twenty,2,NN_twenty
collected,3,VBN_collected
obtained,5,VBN_obtained
was isolated,2,VBD_was VBN_isolated
was to describe,2,VBD_was TO_to VB_describe
to describe the,5,TO_to VB_describe DT_the
effects,5,NNS_effects
purpose of,3,NN_purpose IN_of
addition,3,NN_addition
high,9,JJ_high
had a,2,VBD_had DT_a
ofantiretroviral drugs,2,JJ_ofantiretroviral NNS_drugs
candida glabrata,2,NNP_Candida NN_glabrata
impact,6,NN_impact
development of,4,NN_development IN_of
directly,2,RB_directly
coinfected with,3,VBD_coinfected IN_with
vaccines,2,NNS_vaccines
and methods,5,NNP_AND NNP_METHODS
cases of,5,NNS_cases IN_of
the high,3,DT_the JJ_high
activity,2,NN_activity
influence,3,VB_influence
as well as,4,IN_as RB_well IN_as
replication and,2,NN_replication CC_and
patients and,4,NNS_patients CC_and
patients who,3,NNS_Patients WP_who
prognosis,2,NN_prognosis
candida,4,NNP_Candida
count,2,NN_count
counts at,2,VBZ_counts IN_at
cross,2,NN_cross
in different,2,IN_in JJ_different
altered,2,VBD_altered
therapy and,2,NN_therapy CC_and
may be,3,MD_may VB_be
infection,21,NN_infection
the same,2,DT_the JJ_same
initial,2,JJ_initial
carried out by,2,VBD_carried RP_out IN_by
changed,2,VBN_changed
system,2,NN_system
of this study is,4,IN_of DT_this NN_study VBZ_is
the incidence of,2,DT_The NN_incidence IN_of
and aids,2,CC_and NNP_AIDS
achieved,2,VBN_achieved
achieves,2,NNS_achieves
impact on,3,NN_impact IN_on
impact of,3,NN_impact IN_of
an association,2,DT_An NN_association
specific,4,JJ_specific
among hiv infected,2,IN_among NNP_HIV VBD_infected
disease,10,NN_disease
treatment was,2,NNP_Treatment VBD_was
treatment and,2,NNP_Treatment CC_and
order,4,NN_order
lymphoma,2,NNP_Lymphoma
in all,5,IN_in DT_all
in and,3,IN_in CC_and
in hiv,5,IN_in NNP_HIV
in men,3,IN_in NNS_men
in our,7,IN_in PRP$_our
in two,3,IN_in CD_two
in the,24,IN_in DT_the
present a,2,VBP_present DT_a
presence,4,NN_presence
which can,2,WDT_which MD_can
general,2,NNP_General
number of,4,NN_number IN_of
as well,5,IN_as RB_well
immunodeficiency,6,NN_immunodeficiency
virus hpv,2,VBZ_virus NNP_HPV
virus hiv,5,VBZ_virus NNP_HIV
drugs,14,NNS_drugs
for hivinfection,2,IN_for NNP_HIVinfection
active antiretroviral therapy haart,5,JJ_active JJ_antiretroviral NN_therapy NN_HAART
cause of morbidity,2,NN_cause IN_of NN_morbidity
the knowledge,2,DT_The NN_knowledge
four patients,2,CD_four NNS_patients
of men who,2,IN_of NNS_men WP_who
tuberculosis tb,2,NN_tuberculosis NNP_TB
water,2,NN_water
was to,4,VBD_was TO_to
was no,3,VBD_was DT_no
surveyed,2,VBD_surveyed
totalof,2,NN_totalof
hpv infection,2,NNP_HPV NN_infection
involved,2,VBN_involved
months,3,NNS_months
help to,2,VB_help TO_to
the lack of,4,DT_The NN_lack IN_of
age of,2,NN_age IN_of
is associated,3,VBZ_is VBN_associated
features,3,NNS_features
of years,2,IN_of NNS_years
the immune,3,DT_the NN_immune
coinfection were,2,NN_coinfection VBD_were
male,3,JJ_male
main,3,JJ_main
mechanism of,2,NN_mechanism IN_of
inhibitors,2,NNS_inhibitors
study was to describe,2,NN_study VBD_was TO_to VB_describe
thedevelopment,7,NN_thedevelopment
active,6,JJ_active
diagnosis of,2,NN_diagnosis IN_of
compared with,3,NNP_Compared IN_with
and oral,2,CC_and JJ_oral
included in the,3,VBN_included IN_in DT_the
vaccination,2,NN_vaccination
and their,2,CC_and PRP$_their
measurement of,2,NN_measurement IN_of
serum samples,2,NN_serum NNS_samples
objective to,2,JJ_Objective TO_To
objective of,2,NN_objective IN_of
directly observed,2,RB_directly VBN_observed
isolated from,2,VBD_isolated IN_from
improve the,3,VB_improve DT_the
model,2,NN_model
obtained from,2,VBN_obtained IN_from
humanimmunodeficiency virus,4,NN_humanimmunodeficiency NN_virus
resistance,7,NN_resistance
and candida,2,CC_and NNP_Candida
population,8,NN_population
including,2,VBG_including
can be,6,MD_can VB_be
cases,11,NNS_cases
the following,2,DT_the VBG_following
patientswith candidosis and,2,IN_patientswith NN_candidosis CC_and
patients coinfected,2,NNS_Patients VBD_coinfected
based,5,VBN_based
of opportunistic infections,2,IN_of JJ_opportunistic NNS_infections
clinicalisolates,2,NNS_clinicalisolates
presenceof,5,NN_presenceof
transmitteddiseases,3,VBZ_transmitteddiseases
in hiv infected patients,2,IN_in NNP_HIV VBD_infected NNS_patients
all patients,5,DT_All NNS_patients
increase,10,NN_increase
women at,2,NNS_women IN_at
of hiv infection,2,IN_of NNP_HIV NN_infection
society,2,NN_society
therapeutic,6,JJ_therapeutic
the incidence,2,DT_The NN_incidence
risk factors for hiv,2,NN_risk NNS_factors IN_for NNP_HIV
the prevalence of,5,DT_the NN_prevalence IN_of
were included,2,VBD_were VBN_included
problems of,2,NNS_problems IN_of
improved,3,VBN_improved
high prevalence,2,JJ_high NN_prevalence
serotype b,2,VBP_serotype NNP_B
the mechanism,2,DT_the NN_mechanism
mechanism,2,NN_mechanism
of hiv infected patients,3,IN_of NNP_HIV VBD_infected NNS_patients
reported,4,VBN_reported
of all,3,IN_of DT_all
of hiv,7,IN_of NNP_HIV
of men,2,IN_of NNS_men
of our,2,IN_of PRP$_our
of the,24,IN_of DT_the
and social,2,CC_and NNP_Social
andclinical,2,JJ_andclinical
products,2,NNS_products
antiretroviral treatment,6,NNP_Antiretroviral NNP_Treatment
affects,2,NNS_affects
drug,13,NN_drug
data,8,NNS_data
deal,2,NN_deal
dose,2,NN_dose
cultures,2,NNS_cultures
to greater,2,TO_to JJR_greater
hepatitis b virus,2,VBZ_hepatitis NNP_B NN_virus
the oral,3,DT_the JJ_oral
the immune response,2,DT_the NN_immune NN_response
medicines,2,NNS_medicines
nucleoside,3,NN_nucleoside
hiv positive,8,NNP_HIV JJ_positive
evaluate,2,VB_evaluate
suffering,2,VBG_suffering
vaccine against human immunodeficiency,2,NN_vaccine IN_against JJ_human NN_immunodeficiency
there was no,3,EX_There VBD_was DT_no
management,2,NN_management
weeks of,2,NNS_weeks IN_of
this study has been,2,DT_this NN_study VBZ_has VBN_been
this study was,3,DT_this NN_study VBD_was
this study has,2,DT_this NN_study VBZ_has
which have,2,WDT_which VBP_have
mechanisms,3,NNS_mechanisms
efavirenz,2,NN_efavirenz
the number of,4,DT_the NN_number IN_of
families,2,NNS_families
similar,3,JJ_similar
priority,3,NN_priority
clinical,14,JJ_clinical
ofclinical,4,JJ_ofclinical
hiv rna levels,2,NNP_HIV NNP_RNA NNS_levels
development,4,NN_development
have been,6,VBP_have VBN_been
times,2,NNS_times
interpretationof the,3,NN_interpretationof DT_the
well as,3,RB_well IN_as
cavity,5,NN_cavity
generated,2,VBN_generated
adverse,3,NN_adverse
cd cell count,2,NNP_CD NN_cell NN_count
andchanges in these,2,NNS_andchanges IN_in DT_these
quality of,2,NN_quality IN_of
that could,2,WDT_that MD_could
themanagement of,3,VB_themanagement IN_of
men who have,3,NNS_men WP_who VBP_have
human papilloma virus,2,JJ_human NN_papilloma VBZ_virus
epidemic,3,JJ_epidemic
order to,3,NN_order TO_to
introduction,7,NN_INTRODUCTION
data on,2,NNS_data IN_on
limited,5,VBN_limited
observed in other,2,VBN_observed IN_in JJ_other
hepatitis,4,NNP_Hepatitis
fever,2,RB_fever
important to,2,JJ_important TO_to
natural,3,JJ_natural
toresearch,2,NN_toresearch
includes,2,VBZ_includes
included,3,VBN_included
since the,2,NNP_Since DT_the
for thetreatment,2,IN_for NN_thetreatment
men who havesex with,2,NNS_men WP_who NN_havesex IN_with
