ngram,documents,POS tagged
epidemiological,3,JJ_epidemiological
to evaluate,4,TO_To VB_evaluate
results a total,2,NNS_RESULTS DT_A NN_total
because of,2,IN_because IN_of
of infection,3,IN_of NN_infection
thedevelopment of,3,NN_thedevelopment IN_of
use of highly,2,NN_use IN_of RB_highly
these patients,5,DT_these NNS_patients
laboratory,2,NN_laboratory
hiv infectedpatients,7,NNP_HIV NNS_infectedpatients
serum,3,NN_serum
prognosis of,2,NN_prognosis IN_of
the absence,2,DT_the NN_absence
recommended,2,VBN_recommended
with this,3,IN_with DT_this
infection was,2,NN_infection VBD_was
infection and,2,NN_infection CC_and
was a peak,2,VBD_was DT_a NN_peak
fact of,2,NN_fact IN_of
factor,3,NN_factor
ofcd,2,NNP_ofCD
the existence,2,DT_the NN_existence
remains,2,VBZ_remains
conclusion,6,NN_CONCLUSION
a,33,DT_a
an,17,DT_an
as,16,IN_as
at,11,IN_at
the percentage of,4,DT_the NN_percentage IN_of
without evidence,2,IN_without NN_evidence
b,3,NNP_B
be,13,VB_be
by,19,IN_by
c,8,NNP_C
ci,7,NNP_CI
cd,5,NNP_CD
in the context,2,IN_in DT_the NN_context
diagnosed with hiv,2,VBN_diagnosed IN_with NNP_HIV
d,2,VBD_d
lymphocytes in,2,VBZ_lymphocytes IN_in
the patients,4,DT_the NNS_patients
e,2,NNP_E
evaluated,3,VBN_evaluated
excluded,2,VBN_excluded
over a period,2,IN_over DT_a NN_period
blot,3,NNP_Blot
bias,2,NN_bias
b the,2,NNP_B DT_the
is,16,VBZ_is
it,6,PRP_it
in,36,IN_in
ic,2,NNP_IC
if,2,IN_If
conducted,3,VBN_conducted
a cohort of hiv,2,DT_a NN_cohort IN_of NNP_HIV
was isolated in,2,VBD_was VBN_isolated IN_in
diagnostic,6,JJ_diagnostic
the difference in,2,DT_the NN_difference IN_in
accompanied by,2,VBN_accompanied IN_by
mg,2,NN_mg
mm,2,VBP_mm
ml,2,NNP_mL
especially in,2,RB_especially IN_in
no,4,DT_no
to determine,5,TO_to VB_determine
on,15,IN_on
of,36,IN_of
or,16,CC_or
histological,2,JJ_histological
was not,4,VBD_was RB_not
was the,3,VBD_was DT_the
p,6,NN_p
is one of,2,VBZ_is CD_one IN_of
age,9,NN_age
aim,4,NNP_AIM
as a,4,IN_as DT_a
at a,2,IN_at DT_a
than the,2,IN_than DT_the
t,2,NNP_T
to,34,TO_to
sectional study was,2,JJ_sectional NN_study VBD_was
evaluation,2,NN_evaluation
evaluating,2,VBG_evaluating
in thisstudy,2,IN_In NN_thisstudy
percentage of,5,NN_percentage IN_of
up,6,IN_up
had not,2,VBD_had RB_not
vs,3,NNS_vs
we,17,PRP_We
factorsassociated with,3,VBN_factorsassociated IN_with
predictive,2,JJ_predictive
who have,2,WP_who VBP_have
absence,2,NN_absence
to describe,4,TO_to VB_describe
losses,2,NNS_losses
tuberculosis,5,NNP_Tuberculosis
factors associated,3,NNS_factors VBN_associated
in the development,2,IN_in DT_the NN_development
treatment is,2,NN_treatment VBZ_is
sectional,4,JJ_sectional
predominant,3,NN_predominant
and mycobacterium avium,2,CC_and NNP_Mycobacterium NN_avium
highlyactive antiretroviral therapy,3,JJ_highlyactive JJ_antiretroviral NN_therapy
occurred,3,VBD_occurred
candidiasis,2,NN_candidiasis
we did not,3,PRP_we VBD_did RB_not
previous,2,JJ_Previous
in order to,2,IN_in NN_order TO_to
spain,4,NNP_Spain
in cases,2,IN_In NNS_cases
with aids,2,IN_with NNP_AIDS
heterosexual,3,JJ_heterosexual
be relatedto the,2,VB_be RB_relatedto DT_the
diagnosis and the,2,NN_diagnosis CC_and DT_the
infection were,2,NN_infection VBD_were
in these,2,IN_in DT_these
when the,2,WRB_when DT_the
of them,3,IN_of PRP_them
of this,6,IN_of DT_this
virus hiv infection,2,VBZ_virus NNP_HIV NN_infection
risk factors,4,NN_risk NNS_factors
studied of,2,VBN_studied IN_of
was performed,4,VBD_was VBN_performed
a decrease,4,DT_a NN_decrease
compare the,2,VB_compare DT_the
comparedto,4,IN_comparedto
were associated with,2,VBD_were VBN_associated IN_with
an increase,2,DT_an NN_increase
commonly used,2,RB_commonly VBN_used
the pattern of,2,DT_the NN_pattern IN_of
hiv positive patients,2,NNP_HIV JJ_positive NNS_patients
a total,4,DT_A NN_total
frequency,2,NN_frequency
intoaccount,3,NN_intoaccount
arereviewed,2,VBD_arereviewed
objective to determine,2,NNP_OBJECTIVE TO_To VB_determine
predictive value,2,JJ_predictive NN_value
rate of,2,NN_rate IN_of
ratios,2,NNS_ratios
bymeans,2,NNS_bymeans
the period,2,DT_the NN_period
due,3,VB_due
of origin,2,IN_of NN_origin
an increase in,2,DT_an NN_increase IN_in
negative,5,JJ_negative
was defined,2,VBD_was VBN_defined
the aim of,3,DT_the NN_aim IN_of
in catalonia,2,IN_in NNP_Catalonia
sites of,2,NNS_sites IN_of
yield,2,NN_yield
were evaluated,2,VBD_were VBN_evaluated
a cross sectional study,2,DT_A NN_cross JJ_sectional NN_study
of risk,2,IN_of NN_risk
ninety,2,NNP_Ninety
conclusions,11,NNS_CONCLUSIONS
chronic hepatitis c,2,JJ_chronic NNS_hepatitis NNP_C
at the time of,2,IN_At DT_the NN_time IN_of
material,2,NNP_MATERIAL
both the,2,DT_both DT_the
average,3,JJ_average
a cohort,2,DT_a NN_cohort
objective,9,NN_objective
determine,4,VB_determine
activeantiretroviral therapy,3,JJ_activeantiretroviral NN_therapy
comparison,2,NN_comparison
sectional study,3,JJ_sectional NN_study
with a,4,IN_with DT_a
of the patient,3,IN_of DT_the NN_patient
hepatitis c,3,NNP_Hepatitis NNP_C
negative predictive,2,JJ_negative JJ_predictive
lower,5,JJR_lower
infectionscan,2,NN_infectionscan
methods,17,NNP_METHODS
incidence of,3,NN_incidence IN_of
aim of,3,NN_aim IN_of
follow up,3,NN_follow IN_up
prognosis of these,2,NN_prognosis IN_of DT_these
decrease,5,NN_decrease
to be,3,TO_to VB_be
time,4,NN_time
test,6,NN_test
stage,3,NN_stage
study,14,NN_study
a period,2,DT_a NN_period
complications,3,NNS_complications
the objectives of this,2,DT_The NNS_objectives IN_of DT_this
genotype,2,NN_genotype
differences,3,NNS_differences
can be used,2,MD_can VB_be VBN_used
increasingly,2,RB_increasingly
immunodeficiency virus,5,NN_immunodeficiency VBZ_virus
account,2,NN_account
patients with genotype,2,NNS_Patients IN_with NN_genotype
retrospective,2,VBP_Retrospective
variables,3,NNS_variables
with hiv infection,6,IN_with NNP_HIV NN_infection
abdominal,2,JJ_abdominal
the number,2,DT_the NN_number
inhiv positive,3,NNP_inHIV JJ_positive
percentage,6,NN_percentage
interventions,2,NNS_Interventions
definition,3,NN_definition
to diagnose,2,TO_to VB_diagnose
the study,3,DT_the NN_study
who were,3,WP_who VBD_were
this paper,2,DT_this NN_paper
detection of,2,NN_detection IN_of
mustbe,2,VBP_mustbe
the context,2,DT_the NN_context
cohort study,2,NN_cohort NN_study
parameters,2,NNS_parameters
inclusion,2,NN_inclusion
objective to evaluate,2,NNP_OBJECTIVE TO_To VB_evaluate
accompanied,2,VBN_accompanied
a period of years,2,DT_a NN_period IN_of NNS_years
surgical,2,JJ_surgical
objectives of this study,2,NNS_objectives IN_of DT_this NN_study
the difference in the,2,DT_the NN_difference IN_in DT_the
used for,2,VBN_used NNP_For
is one,2,VBZ_is CD_one
is not,2,VBZ_is RB_not
is the,2,VBZ_is DT_the
the prevalence,3,DT_the NN_prevalence
the inclusion,2,DT_the NN_inclusion
than in the,2,IN_than IN_in DT_the
prophylaxis,2,NNS_prophylaxis
in patients with genotype,2,IN_in NNS_patients IN_with NN_genotype
hospital,8,NNP_Hospital
was associated with,3,VBD_was VBN_associated IN_with
significantly,3,RB_significantly
similar to,2,JJ_similar TO_to
be used,2,VB_be VBN_used
characteristics,4,NNS_characteristics
factors for,3,NNS_factors IN_for
highly,4,RB_highly
higher,5,JJR_higher
risk factor,2,NN_risk NN_factor
results among,2,NNS_RESULTS IN_Among
of hiv infected,4,IN_of NNP_HIV VBD_infected
infections,3,NNS_infections
a significant,4,DT_a JJ_significant
determine the,3,VB_determine DT_the
are a,2,VBP_are DT_a
as an,2,IN_as DT_an
and a,8,CC_and DT_a
aids,11,NNP_AIDS
aged,2,VBD_aged
has been,2,VBZ_has VBN_been
people,2,NNS_people
genotypes,2,NNS_genotypes
usual,2,JJ_usual
users,3,NNS_users
use of,6,NN_use IN_of
for the,4,NNP_For DT_the
rapid,2,JJ_rapid
ratio,2,NN_ratio
rates,2,NNS_rates
patients infected with,2,NNS_patients VBD_infected IN_with
cryptosporidium,3,NNP_Cryptosporidium
a cross sectional,2,DT_a NN_cross JJ_sectional
sensitivity,2,NN_sensitivity
a total of patients,2,DT_A NN_total IN_of NNS_patients
improvement,2,NN_improvement
in developingcountries,2,IN_in NNS_developingcountries
cross sectional,3,NN_cross JJ_sectional
by the,3,IN_by DT_the
findings,3,NNS_findings
to determine the,4,TO_to VB_determine DT_the
the last years,2,DT_the JJ_last NNS_years
relationships,2,NNS_relationships
evaluate the,4,VB_evaluate DT_the
evaluated in,2,VBN_evaluated IN_in
detected,5,VBN_detected
biopsy,2,NN_biopsy
inthe setting,2,DT_inthe VBG_setting
prospective cohort,2,JJ_prospective NN_cohort
therapy in,2,NN_therapy IN_in
groups,4,NNS_groups
evidence of,3,NN_evidence IN_of
cohort studies,2,NN_cohort NNS_studies
analyze the,2,VBP_analyze DT_the
percentage of patients,2,NN_percentage IN_of NNS_patients
existence,2,NN_existence
prognosis of these patients,2,NN_prognosis IN_of DT_these NNS_patients
performed in,2,VBN_performed IN_in
isolated,2,VBD_isolated
have a,2,VB_have DT_a
haart,3,NN_HAART
without evidence of,2,IN_without NN_evidence IN_of
objectives of this,2,NNS_objectives IN_of DT_this
means of,2,NNS_means IN_of
patterns,2,NNS_patterns
is usually,2,VBZ_is RB_usually
chronichepatitis,2,NNS_chronichepatitis
a period of,2,DT_a NN_period IN_of
information,2,NN_Information
commonly,2,RB_commonly
published,2,VBD_published
hodgkin lymphoma,2,NNP_Hodgkin NN_lymphoma
setting of,2,VBG_setting IN_of
origin of,3,NN_origin IN_of
period,7,NN_period
human,3,NN_human
diagnosed,4,VBN_diagnosed
diagnoses,2,NNS_diagnoses
diagnosis,10,NN_diagnosis
the average,2,DT_the JJ_average
characterized,2,VBN_characterized
were negative,2,VBD_were JJ_negative
patients were,7,NNS_Patients VBD_were
patients with,13,NNS_patients IN_with
imaging,2,VBG_imaging
in comparison,2,IN_in NN_comparison
report,2,NN_report
prevalence,3,NN_prevalence
to compare,2,TO_to VB_compare
that the,2,IN_that DT_the
inthe setting of,2,DT_inthe VBG_setting IN_of
association,2,NN_association
for latent,2,IN_for NN_latent
material and,2,NNP_MATERIAL NNP_AND
results,18,NNS_RESULTS
in the context of,2,IN_in DT_the NN_context IN_of
a rapid,2,DT_a JJ_rapid
context,3,NN_context
contact,2,NN_contact
virus,6,NN_virus
viral,4,JJ_viral
in thehiv positive,2,IN_in NNP_theHIV JJ_positive
the epidemiology,3,DT_the NN_epidemiology
should be improved,2,MD_should VB_be VBN_improved
occurring,2,VBG_occurring
was carried out,3,VBD_was VBN_carried RP_out
patient,6,NN_patient
the diagnosis and,2,DT_the NN_diagnosis CC_and
activeantiretroviral,3,JJ_activeantiretroviral
infected with,2,VBD_infected IN_with
patients with a,2,NNS_patients IN_with DT_a
more than,4,JJR_more IN_than
users idus and,2,NNS_users NNP_IDUs CC_and
of them were,2,IN_of PRP_them VBD_were
the impact of,2,DT_the NN_impact IN_of
of this study,3,IN_of DT_this NN_study
of treatment,2,IN_of NN_treatment
work,3,NN_work
was a,3,VBD_was DT_a
according to,2,VBG_according TO_to
chronic,5,JJ_chronic
sex,6,NN_sex
spp,4,NN_spp
an increased,2,DT_an VBN_increased
the quality,2,DT_the NN_quality
was associated,2,VBD_was VBN_associated
in addition,2,IN_In NN_addition
stools,2,NNS_stools
we performed,2,NNP_We VBD_performed
immunodeficiency virus hiv,5,NN_immunodeficiency VBZ_virus NNP_HIV
frequency of,2,NN_frequency IN_of
absence of,2,NN_absence IN_of
we observed,3,PRP_we VBD_observed
in this study the,2,IN_In DT_this NN_study DT_the
intracellulare,2,NNP_Intracellulare
biological,2,JJ_biological
positive patients,3,JJ_positive NNS_patients
carried,4,VBN_carried
diagnose,2,VB_diagnose
practice,3,NN_practice
studies and,2,NNS_studies CC_and
patients as,2,NNS_patients IN_as
patients in,3,NNS_patients IN_in
patients is,2,NNS_patients VBZ_is
such as,2,JJ_such IN_as
adherence,2,NN_adherence
users idus,2,NNS_users NNP_IDUs
taken intoaccount,2,VBN_taken NN_intoaccount
essential,2,JJ_essential
carrying out,2,VBG_Carrying IN_out
patients with hiv infection,2,NNS_patients IN_with NNP_HIV NN_infection
were associated,2,VBD_were VBN_associated
men and,2,VBN_men CC_and
testing,2,NN_testing
means,2,NNS_means
factors,9,NNS_factors
the epidemiological,3,DT_The JJ_epidemiological
recorded,2,VBN_recorded
observed a,3,VBD_observed DT_a
examination,2,NN_examination
drug use,2,NN_drug NN_use
falls in,2,NNS_falls IN_in
of patients were,2,IN_of NNS_patients VBD_were
of patients with,4,IN_of NNS_patients IN_with
objectives,4,NNS_objectives
in both,2,IN_in DT_both
rate was,2,NN_rate VBD_was
epidemiological clinical,2,JJ_epidemiological JJ_clinical
mortality,2,NN_mortality
the diagnosis and the,2,DT_the NN_diagnosis CC_and DT_the
last years,2,JJ_last NNS_years
the prognosis,2,DT_the NN_prognosis
over time,2,IN_over NN_time
where the,2,WRB_where DT_the
related,8,VBN_related
search,2,NN_search
period of years,2,NN_period IN_of NNS_years
describe,4,VBP_describe
of a,4,IN_of DT_a
independently,2,RB_independently
peru,2,NNP_Peru
peak,2,NN_peak
epidemiology of,2,NN_epidemiology IN_of
of origin of,2,IN_of NN_origin IN_of
we observed a,3,PRP_we VBD_observed DT_a
asymptomatic,2,JJ_asymptomatic
were able,2,VBD_were JJ_able
mostimportant,2,JJ_mostimportant
the mostimportant,2,DT_the JJ_mostimportant
women,3,NNS_women
to analyze,2,TO_To VB_analyze
suffered,2,VBD_suffered
patients as well,2,NNS_patients IN_as RB_well
we did,3,PRP_we VBD_did
weeks,2,NNS_weeks
survival,2,NN_survival
event,3,NN_event
admitted,2,VBN_admitted
itwas,2,VBD_itwas
study included,2,NN_study VBD_included
andtherapeutic,2,JJ_andtherapeutic
human immunodeficiency virus hiv,3,JJ_human NN_immunodeficiency VBZ_virus NNP_HIV
common,4,JJ_common
the present,2,DT_the NN_present
methods a,2,NNS_METHODS DT_A
populationis,2,VBZ_populationis
walking aids,2,VBG_walking NNS_aids
amongpatients,3,NNS_amongpatients
the objectives of,2,DT_The NNS_objectives IN_of
origin,5,NN_origin
logistic,5,JJ_logistic
conventional,2,JJ_conventional
years,9,NNS_years
resistant,2,JJ_resistant
antituberculosis,2,NN_antituberculosis
and hiv infection,2,CC_and NNP_HIV NN_infection
thehuman immunodeficiency,2,NNP_theHuman NNP_Immunodeficiency
of those,2,IN_Of DT_those
of these,6,IN_Of DT_these
present,6,VBP_present
treatment,14,NN_treatment
age sex,2,NN_age NN_sex
we present,2,PRP_We VBP_present
negative predictive value,2,JJ_negative JJ_predictive NN_value
in this,9,IN_In DT_this
than in,3,IN_than IN_in
at the time,2,IN_At DT_the NN_time
compare,3,VB_compare
method,5,NN_method
the best,2,DT_the JJS_best
role in,2,NN_role IN_in
the case of,2,DT_the NN_case IN_of
antiretroviral therapy haart,3,JJ_antiretroviral NN_therapy NN_HAART
objective to evaluate the,2,NNP_OBJECTIVE TO_To VB_evaluate DT_the
who had,2,WP_who VBD_had
a lower,2,DT_a JJR_lower
hiv and syphilis,2,NNP_HIV CC_and VBZ_syphilis
this study included,2,DT_this NN_study VBD_included
of highly,3,IN_of RB_highly
of immunosuppression,2,IN_of NN_immunosuppression
esophagitis,2,VBZ_esophagitis
study was,5,NN_study VBD_was
study the,3,NN_study DT_the
severe,3,JJ_severe
paper,2,NN_paper
medical,4,JJ_medical
in the study,2,IN_in DT_the NN_study
was detected,4,VBD_was VBN_detected
them were,2,PRP_them VBD_were
areas,3,NNS_areas
of highlyactive antiretroviral,2,IN_of JJ_highlyactive JJ_antiretroviral
probability of,2,NN_probability IN_of
between and,3,IN_between CC_and
between the,2,IN_between DT_the
barthel,2,NNP_Barthel
cohort studies and,2,NN_cohort NNS_studies CC_and
humanimmunodeficiency,5,NN_humanimmunodeficiency
a totalof,4,DT_A NN_totalof
were men,3,VBD_were VBN_men
transmission,2,NN_transmission
cross sectional study,2,NN_cross JJ_sectional NN_study
between patients,2,IN_between NNS_patients
hiv aids,3,NNP_HIV NNP_AIDS
detection,2,NN_detection
prevention,3,NN_prevention
developingcountries,2,NNS_developingcountries
response,4,NN_response
results ninety,2,NNS_RESULTS NNP_Ninety
with genotype,2,IN_with NN_genotype
was positive,2,VBD_was JJ_positive
falls,2,NNS_falls
methods we,3,NNS_METHODS PRP_We
prospective cohort study,2,JJ_prospective NN_cohort NN_study
showed,6,VBD_showed
years old,2,NNS_years JJ_old
',2,''_'
's,2,POS_'s
idus and,2,NNP_IDUs CC_and
the review,2,DT_the NN_review
pattern,2,NN_pattern
compared to the,2,VBN_compared TO_to DT_the
with a lower,2,IN_with DT_a JJR_lower
the context of,2,DT_the NN_context IN_of
revealed,2,VBD_revealed
found,4,VBN_found
positive patients in,2,JJ_positive NNS_patients IN_in
based on,3,VBN_based IN_on
data from,2,NNS_data IN_from
tests,5,NNS_tests
find,2,VB_find
fact,2,NN_fact
fall,2,NN_fall
the hiv,4,DT_The NNP_HIV
the aim,3,DT_the NN_aim
approach,2,NN_approach
the use,5,DT_The NN_use
antiretroviral,8,JJ_antiretroviral
infectedpatients,7,NNS_infectedpatients
standard,2,JJ_standard
highlyactive,4,JJ_highlyactive
the impact,2,DT_the NN_impact
patients,24,NNS_Patients
allhiv infected patients,2,NNP_allHIV VBD_infected NNS_patients
logistic regression,4,JJ_logistic NN_regression
the presenceof,3,DT_the NN_presenceof
observed,4,VBN_observed
was carried,3,VBD_was VBN_carried
reviewed,2,VBN_reviewed
ahigher,2,JJR_ahigher
did not,6,VBD_did RB_not
group,5,NN_group
prospective,2,NNP_Prospective
multivariate,2,NN_multivariate
frequent,7,JJ_frequent
we studied,2,PRP_We VBD_studied
criteria,2,NNS_criteria
presents a,2,NNS_presents DT_a
dueto,2,NN_dueto
thepredominant,2,VBD_thepredominant
requiring,2,VBG_requiring
the fact,2,DT_the NN_fact
risk of,2,NN_risk IN_of
over the,2,IN_over DT_the
characterized by,2,VBN_characterized IN_by
research,3,NN_research
sites,2,NNS_sites
sexual,2,JJ_sexual
concomitant,2,VBP_concomitant
significant,7,JJ_significant
the time of,2,DT_the NN_time IN_of
to date,2,TO_to NN_date
period of,4,NN_period IN_of
opportunistic,2,JJ_opportunistic
the pattern,2,DT_the NN_pattern
were detected,3,VBD_were VBN_detected
thehiv positive,2,NNP_theHIV JJ_positive
carried out,4,VBN_carried RP_out
diagnosed with,2,VBN_diagnosed IN_with
with a higher,2,IN_with DT_a JJR_higher
beingunemployed,2,VBD_beingunemployed
viral load,3,JJ_viral NN_load
defined,3,VBN_defined
perianal,2,JJ_perianal
cost,2,VB_cost
care,2,NN_care
case,6,NN_case
cell,2,NN_cell
walking,2,VBG_walking
important,3,JJ_important
to identify,2,TO_to VB_identify
avium intracellulare,2,NN_avium NNP_Intracellulare
the frequency,2,DT_The NN_frequency
eighty,2,NNP_Eighty
blood,2,NNP_Blood
history of,2,NN_history IN_of
the case,3,DT_the NN_case
compared,5,NNP_Compared
during the,4,IN_during DT_the
western blot,2,NNP_Western NNP_Blot
all the,2,DT_all DT_the
all hiv,2,DT_all NNP_HIV
in patients,11,IN_in NNS_patients
related to,4,VBN_related TO_to
best therapeutic,2,JJS_best JJ_therapeutic
immigrant,2,NN_immigrant
involvement in,2,NN_involvement IN_in
highlyactive antiretroviral,3,JJ_highlyactive JJ_antiretroviral
based on the,2,VBN_based IN_on DT_the
analysis showed,2,NN_analysis VBD_showed
the most common,3,DT_the RBS_most JJ_common
virological,2,JJ_virological
in thehiv,2,IN_in NNP_theHIV
the epidemiology of,3,DT_the NN_epidemiology IN_of
context of,2,NN_context IN_of
effective,2,JJ_effective
analyzed,4,VBD_analyzed
analysis,7,NN_analysis
was found,3,VBD_was VBN_found
the use of,4,DT_the NN_use IN_of
study was conducted,2,NN_study VBD_was VBN_conducted
studies,4,NNS_studies
studied,5,VBD_studied
study of,4,NN_study IN_of
hiv infection or,3,NNP_HIV NN_infection CC_OR
health,4,NN_health
the prognosis of these,2,DT_the NN_prognosis IN_of DT_these
conditions,3,NNS_conditions
arzobispo,2,NNP_Arzobispo
positive and,3,JJ_positive CC_and
the clinical,3,DT_the JJ_clinical
of falls,2,IN_of NNS_falls
hiv infected,8,NNP_HIV VBD_infected
hodgkin,2,NNP_Hodgkin
conclusions in,2,NNS_CONCLUSIONS IN_In
belli,2,NN_belli
the patient,3,DT_the NN_patient
hiv infection,13,NNP_HIV NN_infection
in lima,2,IN_in NNP_Lima
clinical presentation,2,JJ_clinical NN_presentation
load,3,NN_load
loss,3,NN_loss
the frequency of,2,DT_The NN_frequency IN_of
probability,2,NN_probability
risk,10,VB_risk
role,2,NN_role
rate,5,NN_rate
similar to those,2,JJ_similar TO_to DT_those
systemic,2,JJ_Systemic
there were,3,RB_there VBD_were
required,2,VBN_required
amongpatients with,3,NNS_amongpatients IN_with
were heterosexual,2,VBD_were JJ_heterosexual
cytomegalovirus,2,NN_cytomegalovirus
fluid,2,NN_fluid
in patients with,4,IN_in NNS_patients IN_with
should be,5,MD_should VB_be
event that,2,NN_event WDT_that
endoscopy,3,NN_endoscopy
increasingly more,2,RB_increasingly RBR_more
symptoms,2,NNS_symptoms
the objectives,2,DT_The NNS_objectives
occurred in,2,VBD_occurred IN_in
and early,2,CC_and RB_early
acute,3,JJ_acute
identify,3,VB_identify
analysis was,2,NN_analysis VBD_was
in hiv infected,4,IN_in NNP_HIV VBD_infected
countries,2,NNS_countries
degree,2,NN_degree
adjusted,3,VBN_adjusted
viremia,2,NN_viremia
the best therapeutic,2,DT_the JJS_best JJ_therapeutic
hiv and,3,NNP_HIV CC_and
wereregistered,2,VBD_wereregistered
over a,3,IN_over DT_a
techniques,3,NNS_techniques
pathogen,2,NN_pathogen
samples,3,NNS_samples
case of,2,NN_case IN_of
review,4,NN_review
weight,2,NN_weight
gastrointestinal,3,JJ_gastrointestinal
diagnosis and,4,NN_diagnosis CC_and
men,4,NNS_men
of highlyactive,3,IN_of JJ_highlyactive
hiv,27,NNP_HIV
and syphilis,2,CC_and VBZ_syphilis
follow,4,NN_follow
in the development of,2,IN_in DT_the NN_development IN_of
treated,3,VBN_treated
unit,2,NN_unit
with the,6,IN_with DT_the
with hiv,6,IN_with NNP_HIV
dose of,2,NN_dose IN_of
idus,2,NNP_IDUs
in of,2,IN_in IN_of
it is,3,PRP_It VBZ_is
is an,2,VBZ_is DT_an
in the epidemiology of,2,IN_in DT_the NN_epidemiology IN_of
identify the,2,VB_identify DT_the
pattern of,2,NN_pattern IN_of
the last,2,DT_the JJ_last
from the,5,IN_from DT_the
results a total of,2,NNS_RESULTS DT_A NN_total IN_of
association with,2,NN_association IN_with
parasites,2,NNS_parasites
objectives of,2,NNS_objectives IN_of
descriptive,2,NNP_Descriptive
theincidence of falls,2,NNP_Theincidence IN_of NNS_falls
those in,2,DT_those IN_in
intestinal,3,JJ_intestinal
central,2,NNP_Central
aretrospective,2,NNP_Aretrospective
of presentation,2,IN_of NN_presentation
pathology,2,NN_pathology
in order,2,IN_in NN_order
prevalenceof,2,NN_prevalenceof
clinicalimprovement,2,NN_clinicalimprovement
a peak,2,DT_a NN_peak
cohort,6,NN_cohort
early,4,RB_early
results of,3,NNS_RESULTS IN_Of
results we,2,NNS_RESULTS PRP_We
presentation,3,NN_presentation
increased,3,VBN_increased
aids and,4,NNP_AIDS CC_and
patterns of,2,NNS_patterns IN_of
the diagnosis,4,DT_the NN_diagnosis
in the percentage,2,IN_in DT_the NN_percentage
incidence,6,NN_incidence
there is a,2,EX_There VBZ_is DT_a
there was,2,EX_there VBD_was
aneffective,2,JJ_aneffective
patients as well as,2,NNS_patients IN_as RB_well IN_as
and the use of,2,CC_and DT_the NN_use IN_of
characteristics of,2,NNS_characteristics IN_of
endoscopic,2,JJ_endoscopic
for tuberculosis,2,IN_for NN_tuberculosis
regression,4,NN_regression
regression analysis,2,NN_Regression NN_analysis
in the analysis,2,IN_in DT_the NN_analysis
evidence,4,NN_evidence
decline,2,NN_decline
patients with hiv,3,NNS_patients IN_with NNP_HIV
the analysis,3,DT_the NN_analysis
use of highly active,2,NN_use IN_of RB_highly JJ_active
infection in,3,NN_infection IN_in
infection or,2,NN_infection CC_OR
material and methods,2,NNP_MATERIAL NNP_AND NNP_METHODS
methods longitudinal,2,NNS_METHODS NNP_Longitudinal
history,2,NN_history
develop,2,VB_develop
there is,4,EX_There VBZ_is
therapy,11,NN_therapy
isolated in,2,VBN_isolated IN_in
in this population,3,IN_In DT_this NN_population
the origin,2,DT_the NN_origin
a great,2,DT_a JJ_great
to months,2,TO_to NNS_months
found in,2,VBN_found IN_in
mycobacterium,2,NNP_Mycobacterium
and in,3,CC_and IN_in
andis,2,NN_andis
and or,3,CC_and CC_or
and to,6,CC_and TO_to
the first,4,DT_the JJ_first
and was,2,CC_and VBD_was
and the,13,CC_and DT_the
and age,2,CC_and NN_age
and hiv,2,CC_and NNP_HIV
and its,2,CC_and PRP$_its
setting,2,VBG_setting
culture and,2,NN_culture CC_and
decrease in,3,NN_decrease IN_in
decrease of,2,NN_decrease IN_of
isospora,2,NNP_Isospora
number,5,NN_number
records,2,NNS_records
introduction the,2,NN_INTRODUCTION DT_The
a decrease in,2,DT_a NN_decrease IN_in
a decrease of,2,DT_a NN_decrease IN_of
total of patients,2,NN_total IN_of NNS_patients
was conducted,2,VBD_was VBN_conducted
this study,5,DT_this NN_study
elisa,2,NNP_ELISA
catalonia,2,NNP_Catalonia
of patients,10,IN_Of NNS_patients
treated with,3,VBD_treated IN_with
total,6,JJ_total
to the,11,TO_to DT_the
of falls in,2,IN_of NNS_falls IN_in
bymeans of,2,NNS_bymeans IN_of
to those,3,TO_to DT_those
with the aim,2,IN_With DT_the NN_aim
infected,9,VBN_infected
immunodeficiency virus hiv infection,2,NN_immunodeficiency VBZ_virus NNP_HIV NN_infection
cases were,2,NNS_cases VBD_were
regimens,2,VBZ_regimens
and mycobacterium,2,CC_and NNP_Mycobacterium
for months,2,IN_for NNS_months
treatment with,2,NN_treatment IN_with
the presence,4,DT_the NN_presence
low,3,JJ_low
received,2,VBN_received
results the,3,NNS_RESULTS DT_The
western,3,NNP_Western
of these patients,3,IN_of DT_these NNS_patients
the most,8,DT_the RBS_most
the main,5,DT_the JJ_main
analysis of,2,NN_analysis IN_of
nonspecific,2,JJ_nonspecific
differences in,2,NNS_differences IN_in
syphilis,2,NNS_syphilis
in a,3,IN_in DT_a
is a,7,VBZ_is DT_a
therapy haart,2,NN_therapy NN_HAART
performed,5,VBN_performed
associated with,10,VBN_associated IN_with
risk factors for,3,NN_risk NNS_factors IN_for
one of,2,CD_one IN_of
on the,8,IN_on DT_the
positive,12,JJ_positive
intervention,3,NN_intervention
continued,2,VBN_continued
hiv positive patients in,2,NNP_HIV JJ_positive NNS_patients IN_in
to evaluate the,3,TO_To VB_evaluate DT_the
isospora belli,2,NNP_Isospora NN_belli
syndrome,4,NN_syndrome
differences between,2,NNS_differences IN_between
forthe diagnosis,2,NN_forthe NN_diagnosis
longitudinal,2,NNP_Longitudinal
describe the,3,VBP_describe DT_the
antiretroviral therapy,5,JJ_antiretroviral NN_therapy
condition,3,VB_condition
the other,2,DT_the JJ_other
the epidemiological clinical,2,DT_The JJ_epidemiological JJ_clinical
obtained,3,VBN_obtained
was isolated,2,VBD_was VBN_isolated
at the,8,IN_at DT_the
to describe the,3,TO_to VB_describe DT_the
epidemiology,2,NN_epidemiology
involvement,3,VBD_involvement
negative patients,2,JJ_negative NNS_patients
high,5,JJ_high
had a,2,VBD_had DT_a
of the patients,3,IN_of DT_the NNS_patients
impact,3,NN_impact
the percentage,5,DT_The NN_percentage
development of,4,NN_development IN_of
and methods,3,NNP_AND NNP_METHODS
search of,2,NN_search IN_of
patients infected,2,NNS_patients VBD_infected
informationwas,2,NNP_Informationwas
in comparison to,2,IN_in NN_comparison TO_to
as well as,2,IN_as RB_well IN_as
culture,3,NN_culture
patients had,2,NNS_patients VBD_had
patients and,4,NNS_patients CC_and
patients the,3,NNS_patients DT_the
prognosis,2,NN_prognosis
candida,3,NNP_Candida
cross,4,NN_cross
males,2,NNS_males
infection,18,NN_infection
cdc,2,NNP_CDC
cmv,2,NNP_CMV
initial,2,JJ_initial
immigrants,2,NNS_immigrants
system,3,NN_system
the incidence of,5,DT_The NN_incidence IN_of
conclusions the,3,NNS_CONCLUSIONS DT_The
and aids,2,CC_and NNP_AIDS
results a,2,NNS_RESULTS DT_A
impact on,2,NN_impact IN_on
impact of,2,NN_impact IN_of
specific,3,JJ_specific
diagnosed with hiv infection,2,VBN_diagnosed IN_with NNP_HIV NN_infection
disease,10,NN_disease
the difference,2,DT_the NN_difference
treatment was,2,NNP_Treatment VBD_was
treatment for,4,NN_treatment IN_for
treatment and,2,NNP_Treatment CC_and
injected,2,VBN_injected
order,2,NN_order
lymphoma,2,NNP_Lymphoma
in and,2,IN_in CC_and
index,3,NN_index
in hiv,9,IN_in NNP_HIV
in our,3,IN_in PRP$_our
in the,19,IN_in DT_the
latent,2,NN_latent
presents,2,NNS_presents
presence,5,NN_presence
general,4,NNP_General
number of,4,NN_number IN_of
as well,2,IN_as RB_well
immunodeficiency,6,NN_immunodeficiency
virus hiv,5,VBZ_virus NNP_HIV
systematic,2,JJ_systematic
in the epidemiology,2,IN_in DT_the NN_epidemiology
drugs,5,NNS_drugs
active antiretroviral therapy haart,3,JJ_active JJ_antiretroviral NN_therapy NN_HAART
related to the,4,VBN_related TO_to DT_the
of high,2,IN_of JJ_high
totalof,3,NN_totalof
months,5,NNS_months
allhiv infected,2,NNP_allHIV VBD_infected
the fact of,2,DT_The NN_fact IN_of
age of,3,NN_age IN_of
features,2,NNS_features
patients were included,2,NNS_patients VBD_were VBN_included
of years,3,IN_of NNS_years
modified,2,VBN_modified
male,3,JJ_male
main,5,JJ_main
and negative,2,CC_and JJ_negative
thedevelopment,3,NN_thedevelopment
over a period of,2,IN_over DT_a NN_period IN_of
statistical,2,JJ_Statistical
active,4,JJ_active
diagnosis of,2,NN_diagnosis IN_of
and respectively,2,CC_and RB_respectively
and those,2,CC_and DT_those
to compare the,2,TO_to VB_compare DT_the
objective to,8,JJ_Objective TO_To
a prospective,2,DT_A JJ_prospective
model,3,NN_model
month,4,NN_month
obtained from,2,VBN_obtained IN_from
humanimmunodeficiency virus,4,NN_humanimmunodeficiency NN_virus
resistance,2,NN_resistance
population,7,NN_population
can be,5,MD_can VB_be
cases,7,NNS_cases
the prognosis of,2,DT_the NN_prognosis IN_of
comparison to,2,NN_comparison TO_to
based,6,VBN_based
and the use,2,CC_and DT_the NN_use
presenceof,4,NN_presenceof
were identified,2,VBD_were VBN_identified
in hiv infected patients,4,IN_in NNP_HIV VBD_infected NNS_patients
all patients,3,DT_All NNS_patients
the results,2,DT_the NNS_results
increase,3,NN_increase
subjects,2,NNS_subjects
of hiv infection,5,IN_of NNP_HIV NN_infection
andmicrosporidia,2,NNP_andMicrosporidia
identified,2,VBN_identified
conducted in,2,VBN_conducted IN_in
therapeutic,5,JJ_therapeutic
the incidence,6,DT_The NN_incidence
these patients is,2,DT_these NNS_patients VBZ_is
was defined as,2,VBD_was VBN_defined IN_as
was lower,2,VBD_was JJR_lower
with the aim of,2,IN_With DT_the NN_aim IN_of
the prevalence of,2,DT_the NN_prevalence IN_of
were included,4,VBD_were VBN_included
avium,2,NN_avium
improved,2,VBN_improved
lower than,2,JJR_lower IN_than
of hiv infected patients,2,IN_of NNP_HIV VBD_infected NNS_patients
of all,2,IN_of DT_all
of hiv,10,IN_of NNP_HIV
of the,19,IN_of DT_the
of prevention,2,IN_of NN_prevention
number and,2,NN_number CC_and
candida spp,2,NNP_Candida NN_spp
antiretroviral treatment,2,NNP_Antiretroviral NNP_Treatment
sample,3,NN_sample
defined as,2,VBN_defined IN_as
surgical treatment,2,JJ_Surgical NN_treatment
lymphocytes,2,VBZ_lymphocytes
drug,7,NN_drug
data,5,NNS_data
dose,2,NN_dose
most frequent,3,JJS_most NN_frequent
most common,2,RBS_most JJ_common
thedeath,2,NN_thedeath
the most frequent,4,DT_the JJS_most NN_frequent
carrying,2,VBG_Carrying
the only,2,DT_The JJ_only
analyze,3,VBP_analyze
a diagnosis,2,DT_a NN_diagnosis
whichincluded,2,VBD_whichincluded
hiv positive,6,NNP_HIV JJ_positive
evaluate,4,VB_evaluate
detected in,3,VBN_detected IN_in
a cohort of,2,DT_a NN_cohort IN_of
associated with hiv infection,2,VBN_associated IN_with NNP_HIV NN_infection
management,3,NN_management
this study the,2,DT_this NN_study DT_the
the areas,2,DT_the NNS_areas
used in,2,VBN_used IN_in
similar,3,JJ_similar
clinical,11,JJ_clinical
of systemic,2,IN_of JJ_systemic
development,4,NN_development
significant differencesbetween,2,JJ_Significant VBN_differencesbetween
have been,2,VBP_have VBN_been
well as,2,RB_well IN_as
small,2,JJ_small
resultsof the,2,NN_resultsof DT_the
was detected in,3,VBD_was VBN_detected IN_in
order to,2,NN_order TO_to
introduction,4,NN_INTRODUCTION
theinformation,2,NN_theinformation
data on,2,NNS_data IN_on
hepatitis,5,NNP_Hepatitis
fever,2,RB_fever
haart has,2,NN_HAART VBZ_has
groupof,2,NN_groupof
included,9,VBN_included
the test,3,DT_the NN_test
the time,3,DT_the NN_time
