ngram,documents,POS tagged
in navarra,2,IN_in NNP_Navarra
strains,3,NNS_strains
a,10,DT_a
an,6,DT_an
as,4,IN_as
at,3,IN_at
be,3,VB_be
by,7,IN_by
c,3,NNP_C
the patients,3,DT_the NNS_patients
is,7,VBZ_is
in,10,IN_in
if,2,IN_If
on,4,IN_on
of,10,IN_of
or,6,CC_or
was the,2,VBD_was DT_the
p,2,NN_p
age,2,NN_age
aim,2,NNP_AIM
isoniazid,2,VB_isoniazid
to,10,TO_to
tb,2,NNP_TB
navarra,2,NNP_Navarra
evaluation,2,NN_evaluation
up,3,IN_up
we,3,PRP_We
who have,2,WP_who VBP_have
tuberculosis,3,NNP_Tuberculosis
spain,2,NNP_Spain
heterosexual,2,JJ_heterosexual
of immigrants,2,IN_of NNS_immigrants
homo bisexuals,2,RB_homo NNS_bisexuals
of them,2,IN_of PRP_them
an increase,2,DT_an NN_increase
aim of the,2,NN_aim IN_of DT_the
bymeans,2,NNS_bymeans
due,2,VB_due
an increase in,2,DT_an NN_increase IN_in
the aim of,2,DT_the NN_aim IN_of
in persons who,2,IN_in NNS_persons WP_who
new cases of,2,JJ_new NNS_cases IN_of
conclusions,2,NNS_CONCLUSIONS
hiv patient,2,NNP_HIV NN_patient
inpersons who have,2,NNS_Inpersons WP_who VBP_have
are discussed,2,VBP_are VBN_discussed
material,2,NNP_MATERIAL
with a,2,IN_with DT_a
the other hand,2,DT_the JJ_other NN_hand
lower,2,JJR_lower
methods,2,NNP_METHODS
incidence of,2,NN_incidence IN_of
aim of,2,NN_aim IN_of
users ofintravenous drugs,2,NNS_users JJ_ofintravenous NNS_drugs
follow up,2,NN_follow IN_up
time,3,NN_time
study,5,NN_study
appearance,2,NN_appearance
the study,2,DT_the NN_study
of the cases,3,IN_of DT_the NNS_cases
strategies for,2,NNS_strategies IN_for
detection of,2,NN_detection IN_of
spanish,2,NNP_Spanish
new cases,3,JJ_new NNS_cases
is not,2,VBZ_is RB_not
all of,2,DT_all IN_of
hospital,2,NNP_Hospital
higher,2,JJR_higher
infections,3,NNS_infections
and a,3,CC_and DT_a
aids,3,NNP_AIDS
users,4,NNS_users
for the,3,NNP_For DT_the
sensitivity,2,NN_sensitivity
in persons,2,IN_in NNS_persons
by hiv,2,IN_by NNP_HIV
by the,3,IN_by DT_the
groups,2,NNS_groups
isolated,2,VBD_isolated
diagnosed in,2,VBD_diagnosed IN_in
discussed,2,VBD_discussed
diagnosed,2,VBN_diagnosed
diagnosis,4,NN_diagnosis
patients were,2,NNS_Patients VBD_were
report,2,NN_report
prevalence,2,NN_prevalence
january to,2,NNP_January TO_to
material and,2,NNP_MATERIAL NNP_AND
ofintravenous,2,JJ_ofintravenous
results,4,NNS_RESULTS
control,2,NN_control
patient,5,NN_patient
infected with,2,VBD_infected IN_with
more than,2,JJR_more IN_than
developed aids,2,VBN_developed NNP_AIDS
according to,2,VBG_according TO_to
in hiv patients,3,IN_in NNP_HIV NNS_patients
such as,3,JJ_such IN_as
means,2,NNS_means
factors,2,NNS_factors
from january,2,IN_from NNP_January
related,2,VBN_related
women,2,NNS_women
in spain,2,IN_in NNP_Spain
the cases,3,DT_the NNS_cases
the present,3,DT_the NN_present
years,5,NNS_years
up of the,2,RP_up IN_of DT_the
amongst the,2,RB_amongst DT_the
of these,3,IN_Of DT_these
present,4,VBP_present
treatment,3,NN_treatment
individuals,2,NNS_individuals
that in,2,IN_that IN_in
persons who,2,NNS_persons WP_who
developed,4,VBD_developed
areas,2,NNS_areas
of intravenous drugs,2,IN_of JJ_intravenous NNS_drugs
humanimmunodeficiency,2,NN_humanimmunodeficiency
from january to,2,IN_from NNP_January TO_to
detection,2,NN_detection
prevention,2,NN_prevention
proportion,2,NN_proportion
showed,4,VBD_showed
found,4,VBN_found
based on,2,VBN_based IN_on
for a,2,IN_for DT_a
the hiv,3,DT_The NNP_HIV
the aim,2,DT_the NN_aim
patients,9,NNS_Patients
observed,2,VBN_observed
dueto,2,NN_dueto
care,2,NN_care
important,2,JJ_important
related to,2,VBN_related TO_to
ethambutol,2,NN_ethambutol
four main,2,CD_four JJ_main
hiv infection in,2,NNP_HIV NN_infection IN_in
years of,2,NNS_years IN_of
according to the,2,VBG_According TO_to DT_the
hiv infection,4,NNP_HIV NN_infection
life,2,NN_life
of the present,2,IN_of DT_the NN_present
risk,2,VB_risk
is very,2,VBZ_is RB_very
intravenous,2,JJ_intravenous
countries,3,NNS_countries
bisexuals,2,NNS_bisexuals
hiv and,2,NNP_HIV CC_and
intravenous drugs,2,JJ_intravenous NNS_drugs
evaluation of,2,NN_evaluation IN_of
hiv,9,NNP_HIV
follow,2,NN_follow
with the,2,IN_with DT_the
with hiv,2,IN_with NNP_HIV
is to,2,VBZ_is TO_to
madrid,2,NNP_Madrid
defining,2,NN_defining
prevalenceof,2,NN_prevalenceof
sample of,2,NN_sample IN_of
immunosuppression,2,NN_immunosuppression
the diagnosis,2,DT_the NN_diagnosis
incidence,5,NN_incidence
persons,2,NNS_persons
infection in,3,NN_infection IN_in
material and methods,2,NNP_MATERIAL NNP_AND NNP_METHODS
on the other,2,IN_on DT_the JJ_other
the aim of the,2,DT_The NN_aim IN_of DT_the
outstanding,2,JJ_outstanding
the first,4,DT_the JJ_first
and the,4,CC_and DT_the
hiv patients,4,NNP_HIV NNS_patients
users of,3,NNS_users IN_of
to the,5,TO_to DT_the
increase in,2,NN_increase IN_in
infected,4,VBN_infected
of these patients,2,IN_of DT_these NNS_patients
in a,3,IN_in DT_a
is a,2,VBZ_is DT_a
on the,2,IN_on DT_the
positive,2,JJ_positive
of aids,2,IN_of NNP_AIDS
the other,2,DT_the JJ_other
obtained,2,VBN_obtained
at the,2,IN_at DT_the
epidemiology,2,NN_epidemiology
high,2,JJ_high
homo,2,NNP_Homo
hand,2,NN_hand
of the patients,3,IN_of DT_the NNS_patients
and methods,2,NNP_AND NNP_METHODS
cases of,5,NNS_cases IN_of
of cases,2,IN_of NNS_cases
been diagnosed,2,VBN_been VBN_diagnosed
infection,7,NN_infection
immigrants,2,NNS_immigrants
system,2,NN_system
aim of the present,2,NN_aim IN_of DT_the NN_present
disease,3,NN_disease
in hiv,3,IN_in NNP_HIV
in one,3,IN_in CD_one
in the,7,IN_in DT_the
general,3,NNP_General
drugs,3,NNS_drugs
two patients were,2,CD_Two NNS_patients VBD_were
involved,2,VBN_involved
months,2,NNS_months
main,2,JJ_main
users ofintravenous,2,NNS_users JJ_ofintravenous
had been,2,VBD_had VBN_been
the third,2,DT_the JJ_Third
obtained from,2,VBN_obtained IN_from
follow up of the,2,NN_follow RP_up IN_of DT_the
cases,8,NNS_cases
based,2,VBN_based
the results,2,DT_the NNS_results
increase,2,NN_increase
of hiv infection,2,IN_of NNP_HIV NN_infection
reported,2,VBN_reported
of new,2,IN_of JJ_new
of the,5,IN_of DT_the
sample,2,NN_sample
strategies,3,NNS_strategies
clinical,5,JJ_clinical
development,2,NN_development
have been,4,VBP_have VBN_been
the hospital,2,DT_the JJ_hospital
two patients,3,CD_two NNS_patients
introduction,2,NN_INTRODUCTION
on the other hand,2,IN_on DT_the JJ_other NN_hand
