db id,ngram,documents occs,POS tagged
561727045701258069,relatedto,3,NN_relatedto
6307164022116906801,understanding,4,NN_understanding
9167914882386130462,stress,3,NN_stress
2192145605524487736,control and,2,NN_control CC_and
14848089204133937,to,16,TO_to
7457738120924320395,disorders of,2,NNS_disorders IN_of
6028305730908392615,compounds,2,NNS_Compounds
14080042351,n,3,NNP_N
2880508376197711880,for the,2,IN_for DT_the
7183430313586296558,critically ill,2,RB_critically JJ_ill
4519616717531931568,pathophysiology,3,NN_pathophysiology
6771912282293263960,provide,2,VB_provide
8354837875726467288,active,2,JJ_active
4549953924296490007,antiretroviral therapy haart,2,JJ_antiretroviral NN_therapy NN_HAART
7555364370852764438,ill,3,JJ_ill
4709292584573918303,are as,2,VBP_are RB_as
1339948677001479317,result,2,VB_result
2734880952163745893,education,2,NN_education
8139560017202161349,in the,5,IN_in DT_the
14208085359128289,on,7,IN_on
3706101913765235436,needed to,2,VBN_needed TO_to
2433085612407915297,of diabetes mellitus,2,IN_of NNS_diabetes VBZ_mellitus
5168370297157671493,greater,3,JJR_greater
1632783541017641089,highly active antiretroviral therapy,2,RB_highly JJ_active JJ_antiretroviral NN_therapy
2977630134483702226,withcritical illness,2,JJ_withcritical NN_illness
13312040041,h,2,NNP_H
2408370848870423944,immunodeficiencyvirus,3,NN_immunodeficiencyvirus
7353935562371703067,total,2,NN_total
12544075362113245,by,4,IN_by
3287314744954668566,human,2,JJ_human
4729616444585148988,of highly active antiretroviral,2,IN_of RB_highly JJ_active JJ_antiretroviral
4909709554355361278,prevention,3,NN_prevention
1237754644430570144,the american,2,DT_the NNP_American
4963692585282080125,nicotine,2,NN_nicotine
6370212051838536501,attention,2,NN_attention
8522788127302073033,basic,2,JJ_basic
3672767527701979375,chronic,2,JJ_chronic
7557810902137032483,therapy haart,2,NN_therapy NN_HAART
2969449201178625191,by the,2,IN_by DT_the
12416037344,a,16,DT_a
6975821578671406508,therapy,3,NN_therapy
4144749990946216803,because they,2,IN_because PRP_they
3982246499132511577,factors,2,NNS_factors
7353935562380703149,to the,3,TO_to DT_the
8158730430608599330,as well,3,IN_as RB_well
6287985643047952144,assess,2,VB_assess
5721376809453579888,states,2,NNS_states
6534157497057374306,from the,2,IN_from DT_the
8036263478542932781,system,2,NN_system
567327827583191593,highly active antiretroviral,2,RB_highly JJ_active JJ_antiretroviral
14208085359128297,of,16,IN_of
553337407933374557,compared,2,VBN_compared
1192249036993868109,critical,3,JJ_critical
361353618076858742,active antiretroviral,2,JJ_active JJ_antiretroviral
8218851849560514680,nurses,4,NNS_nurses
4020537509998344154,disorders,2,NNS_disorders
7609566341368701062,distribution,2,NN_distribution
1813359482880230586,occupational,3,NNP_Occupational
1089374218406311462,occupational health,2,NNP_Occupational NN_health
354709866611677803,to occupational health,2,TO_to JJ_occupational NN_health
6408222852212916938,of highly active,2,IN_of RB_highly JJ_active
8506752830096752019,and management,2,CC_and NN_management
7799580877619763600,high,3,JJ_high
4932031198390005283,response,2,NN_response
9041574530096547972,similar,3,JJ_similar
14336043121,p,2,NNP_P
3380304000211925102,patients with,3,NNS_patients IN_with
5791266285394969880,foroccupational,2,NNP_forOccupational
4817447745416563121,immune,2,NN_immune
880594111093578906,roles,2,NNS_roles
2240773848689752257,nicotinic,2,NN_nicotinic
5827642960631893324,health,4,NN_health
5995064038893156428,role,2,NN_role
1319588959900577127,developing,3,VBG_developing
8476126622061761030,model,3,NN_model
2353685091670165364,complications,2,NNS_complications
1318950168412674240,body,4,NN_body
3743268324255099966,immunodeficiencyvirus hiv,3,NN_immunodeficiencyvirus NNP_HIV
709249584421917971,and an,2,CC_and DT_an
742341419067463046,to their,2,TO_to PRP$_their
2843741013621217290,associated withcritical illness,2,VBD_associated JJ_withcritical NN_illness
4228248718320736648,process,2,NN_process
7316885089553569237,purpose,2,NN_purpose
6220755384261386573,incritically,2,RB_incritically
4110753374729700722,related,4,VBD_related
4992029991045060,'s,2,POS_'s
3668921459620339349,work,2,NN_work
1602361296452657724,treatment of,2,NN_treatment IN_of
564031775601228997,ability,2,NN_ability
6867411531510700050,anunderstanding,2,VBG_anunderstanding
8367115818061851671,to occupational,2,TO_to NNP_Occupational
9125824626045013975,and treatment,2,CC_and NN_treatment
1971288358646003540,health nurses,2,NN_health NNS_nurses
7973676251352070478,infection,3,NN_infection
756711306438916108,associated with,2,VBN_associated IN_with
3847661571673933271,such as,5,JJ_such IN_as
4309964433226430288,current,3,JJ_current
6885341884739836017,evidence,3,NN_evidence
3824234581557773749,practice,3,NN_practice
6340067677565480106,review,3,NN_review
8139544016919160671,index,2,NN_index
2117133644133656910,of diabetes,2,IN_of NNS_diabetes
2880596111103579100,ratio,2,NN_ratio
5106988792491858693,highly active,2,RB_highly JJ_active
7722989560299952819,thisarticle will,2,NNP_Thisarticle MD_will
4327783354562643080,human immunodeficiencyvirus hiv,2,JJ_human NN_immunodeficiencyvirus NNP_HIV
5422101970284067353,release of,2,NN_release IN_of
2880602111141579022,range,3,NN_range
6429308858222906298,hiv,3,NNP_HIV
6422726508539292592,appear to,2,VBP_appear TO_to
9093034930239957415,associated withcritical,2,VBD_associated JJ_withcritical
8999405533064936227,management,4,NN_management
5715404725705499169,diabetes,3,NNS_diabetes
8150213513449455568,presents,2,NNS_presents
13952041964,m,2,NNP_M
3159389328921883435,haart,2,NN_HAART
8522788127306073052,based,4,VBN_based
7150726387213329387,and how,2,CC_and WRB_how
8249394669190094129,was to,2,VBD_was TO_to
7396106540695716027,increasing,2,VBG_increasing
5473382298109946591,care,4,NNP_Care
6741397530672104241,needed,2,VBN_needed
8758508051781521477,of the,10,IN_of DT_the
8994688225011731781,induced,4,VBD_induced
212463591607382708,safety,2,NNP_Safety
4135046628021640689,ofs,2,NNP_ofS
7688550734013022771,effect,2,NN_effect
4254394660869934196,critical care,3,JJ_critical NN_care
14080084590127015,no,3,DT_no
7150698387174329346,and the,3,CC_and DT_the
401062498363382004,survey,2,NN_survey
3739279221184343649,thisarticle,4,NNP_Thisarticle
7927326622187776116,influence,2,NN_influence
758244050429519581,on the,3,IN_on DT_the
6959089342692012415,history,3,NN_history
5333960249924979885,sites,2,NNS_sites
756880090382066578,rat,2,JJ_rat
5360992894899901398,significant,2,JJ_significant
8442409993772453035,to assess,2,TO_to VB_assess
13952083821125993,ml,2,NNP_mL
4953620790147351398,showed,2,VBD_showed
14208085359128317,or,8,CC_or
2097694770582329786,critical illness,3,JJ_critical NN_illness
8110776374619700104,release,3,NN_release
5933353808380185516,hiv infection,3,NNP_HIV NN_infection
1049495632235637977,article,3,NN_article
1244171415548992049,mellitus,2,VBZ_mellitus
8154661736232431729,general,2,JJ_general
3536820472885499588,patient,2,NNP_Patient
6480567542315338371,guide,2,NNP_Guide
7965216691823464525,valid,2,JJ_valid
5473382298110946656,case,2,NN_case
7555364370867764486,is a,4,VBZ_is DT_a
6202719164163782921,led to,2,VBN_led TO_to
4402096635706181982,occupational health nurses,2,NNP_Occupational NN_health NNS_nurses
4029624883144410066,receptors,2,NNS_receptors
3709396585215919116,as the,3,IN_as DT_the
1495230934637649093,to a,2,TO_to DT_a
8534001155693552512,for patients,2,IN_for NNS_patients
9095025041631126938,difficult to,2,NN_difficult TO_to
8758496051516520773,of hiv,2,IN_of NNP_HIV
908766919147619500,have been,2,VBP_have VBN_been
8121910833521646573,disease,4,NN_disease
1601152533035019827,treatments,2,NNS_treatments
4320881581018217418,collaboration,3,NN_collaboration
1740998479754990436,critically,2,RB_critically
7672145135524151105,comorbid conditions,2,VBD_comorbid NNS_conditions
5995058038868156347,risk,2,NN_risk
1847923344830714391,a total,2,DT_A NN_total
5422101970286067355,release in,2,NN_release IN_in
2835734963020601042,and c,2,CC_and NNP_C
8484998058147630918,human immunodeficiencyvirus,2,JJ_human NN_immunodeficiencyvirus
5543193302015395483,showed an,2,VBD_showed DT_an
7152636418789107635,setting,2,NN_setting
7670227617597555386,antiretroviral therapy,2,JJ_antiretroviral NN_therapy
6052990072544388173,fluid,2,VBD_fluid
3481205393034069632,control,4,NN_control
12416074593111951,an,8,DT_an
3230043520674992545,information,3,NN_information
8403301899247983220,understanding ofthe,2,NN_understanding DT_ofthe
2943744257760200023,child,2,NN_child
12544075362113217,be,5,VB_be
2334084250812981482,study,5,NN_study
51393561506940046,patients,7,NNS_patients
3772743429870298075,knowledge,2,NN_knowledge
584803380862858428,conditions,4,NNS_conditions
6479004285642144662,with hiv,2,IN_with NNP_HIV
8574937013325873189,such as the,2,JJ_such IN_as DT_the
4329205549382587509,common,2,JJ_common
4613338897963435014,of highly,2,IN_of RB_highly
1688500247415239410,american,2,NNP_American
2692722942580608234,is not,2,VBZ_is RB_not
13440080745121175,in,15,IN_in
3077981463883874064,etiology,2,NN_etiology
9031532726365735549,physiologic,2,JJ_physiologic
6734048559571820987,increased,2,VBN_increased
14720044274,s,2,NNP_S
596314329552112656,illness are,2,NN_illness VBP_are
12672038114,c,3,NNP_C
5101562227430791830,antiretroviral,2,JJ_antiretroviral
4526043770114809821,the effect,2,DT_The NN_effect
9053290527832909619,clinical,3,JJ_clinical
2210824895240467581,illness,4,NN_illness
4953844432997967135,throughout the,2,IN_throughout DT_the
7970588451468790249,may be,2,MD_may VB_be
3320476064764561368,the range,2,DT_the NN_range
7353923562371703224,toxic,2,JJ_toxic
2770164878373375337,similar to,3,JJ_similar TO_to
5080488792225941261,based on,2,VBN_based IN_on
7942222048422194925,incritically ill,2,RB_incritically JJ_ill
12928038884,e,2,NNP_E
2807449018845656511,higher,2,JJR_higher
5648688740870644811,to occupational health nurses,2,TO_to JJ_occupational NN_health NNS_nurses
2574832749180834703,with critical,3,IN_with JJ_critical
12416074593111957,at,4,IN_at
7218729848927513843,number,3,NN_number
1911069344915888017,standards,2,NNS_standards
1861692171822381248,andassociated,2,VBD_andassociated
7998039654859940261,recovery,2,NN_recovery
3836460597599355604,patientsis,2,NN_patientsis
6373512327124987100,critically ill patients,2,RB_critically JJ_ill NNS_patients
8201677630406559803,active antiretroviral therapy haart,2,JJ_active JJ_antiretroviral NN_therapy NN_HAART
5228120717443735418,problem,2,NN_problem
6667103842544145692,ill patients,2,JJ_ill NNS_patients
1526643158892211202,diabetes mellitus,2,NNS_diabetes VBZ_mellitus
1453079729203098322,as a,2,RB_as DT_a
13440080745121162,is,9,VBZ_is
12416074593111954,as,7,IN_as
734905121028156872,for patients with,2,IN_for NNS_patients IN_with
4457902187274916299,treatment,5,NN_treatment
5310416513533481647,research,2,NN_research
2816055866770343258,a significant,2,DT_a JJ_significant
2334072250811981535,stage,2,NN_stage
2165864801823711518,active antiretroviral therapy,2,JJ_active JJ_antiretroviral NN_therapy
4932965026426426227,determined,2,VBN_determined
2835730962989600985,area,2,NN_area
5806932453934724868,studies,4,NNS_studies
6380329142901378819,nachrs,2,NNS_nAChRs
2807449018836656399,highly,2,RB_highly
4902861383898591046,nurse,2,NN_nurse
1911030849651658707,anunderstanding of,2,VBG_anunderstanding IN_of
8577560595803632775,the child,2,DT_the NN_child
8321008616863971310,mild,2,NN_mild
5747411631839998791,the ability,2,DT_the NN_ability
5468571885884605578,peripheral,2,JJ_peripheral
