ngram,documents,POS tagged
epidemiological,3,JJ_epidemiological
of hiv infection in,2,IN_of NNP_HIV NN_infection IN_in
hiv infectedpatients,2,NNP_HIV NNS_infectedpatients
infection and,4,NN_infection CC_and
a,9,DT_a
an,3,DT_an
as,3,IN_as
at,5,IN_at
be,3,VB_be
by,5,IN_by
c,3,NNP_C
cd,3,NNP_CD
a high,2,DT_a JJ_high
public health,3,JJ_public NN_health
is,4,VBZ_is
in,9,IN_in
one of the,2,CD_one IN_of DT_the
ml,2,NNP_mL
no,2,DT_no
ns,2,VBZ_NS
on,2,IN_on
of,8,IN_of
or,5,CC_or
p,4,NN_p
aim,3,NNP_AIM
to,8,TO_to
up,3,IN_up
we,4,PRP_We
a high prevalenceof,2,DT_a JJ_high NN_prevalenceof
tuberculosis,3,NNP_Tuberculosis
coinfection,3,NN_coinfection
included in,2,VBN_included IN_in
frequency,2,NN_frequency
copies ml,2,NNS_copies NNP_mL
background,3,NN_BACKGROUND
the period,3,DT_the NN_period
conclusions,4,NNS_CONCLUSIONS
material,3,NNP_MATERIAL
square,2,NN_square
hepatitis c,3,NNP_Hepatitis NNP_C
lower,2,JJR_lower
methods,6,NNP_METHODS
aim to,2,NNP_AIM TO_To
prevalence was,2,NN_prevalence VBD_was
public,3,JJ_public
follow up,3,NN_follow IN_up
test,2,NN_test
stage,2,NN_stage
study,3,NN_study
differences,2,NNS_differences
the study,2,DT_the NN_study
hospital,4,NNP_Hospital
significantly,2,RB_significantly
higher,2,JJR_higher
infections,2,NNS_infections
aids,2,NNP_AIDS
people,2,NNS_people
use in,2,NN_use IN_in
rates,2,NNS_rates
of haart,2,IN_of NNP_HAART
detected,2,VBN_detected
infection in the,2,NN_infection IN_in DT_the
groups,2,NNS_groups
haart,2,NN_HAART
period,3,NN_period
diagnosis,2,NN_diagnosis
hiv infection in the,2,NNP_HIV NN_infection IN_in DT_the
statistically,2,RB_statistically
prevalence,3,NN_prevalence
material and,2,NNP_MATERIAL NNP_AND
results,4,NNS_RESULTS
virus,2,NN_virus
viral,3,JJ_viral
a statisticallysignificant,2,DT_a JJ_statisticallysignificant
was a,2,VBD_was DT_a
according to,4,VBG_according TO_to
sex,2,NN_sex
frequency of,2,NN_frequency IN_of
men and,2,VBN_men CC_and
test and,2,NN_test CC_and
drug use,2,NN_drug NN_use
and coinfection,2,CC_and NN_coinfection
in both,2,IN_in DT_both
rates of,2,NNS_rates IN_of
women,2,NNS_women
was used,2,VBD_was VBN_used
common,2,JJ_common
origin,2,NN_origin
years,3,NNS_years
treatment,2,NN_treatment
individuals,2,NNS_individuals
that of,2,DT_that IN_of
compare,2,VB_compare
high prevalenceof,2,JJ_high NN_prevalenceof
hundred,2,VBN_hundred
transmission,3,NN_transmission
prevention,2,NN_prevention
forms,2,NNS_forms
tests,2,NNS_tests
the chi,2,DT_The NNP_Chi
antiretroviral,2,JJ_antiretroviral
infectedpatients,2,NNS_infectedpatients
patients,5,NNS_Patients
observed,3,VBN_observed
services,2,NNS_services
greater,2,JJR_greater
reviewed,2,VBN_reviewed
group,2,NN_group
are the,2,VBP_are DT_the
sexual,2,JJ_sexual
epidemiological andclinical,2,JJ_epidemiological JJ_andclinical
significant,4,JJ_significant
viral load,2,JJ_viral NN_load
cell,2,NN_cell
the frequency,2,DT_The NN_frequency
periods,2,NNS_periods
during the,2,IN_during DT_the
of follow up,2,IN_of NN_follow IN_up
status,3,NN_status
analysis,3,NN_analysis
hiv infection in,2,NNP_HIV NN_infection IN_in
health,5,NN_health
hiv infected,2,NNP_HIV VBD_infected
hiv infection,3,NNP_HIV NN_infection
load,3,NN_load
the frequency of,2,DT_The NN_frequency IN_of
risk,2,VB_risk
rate,2,NN_rate
there was a,2,EX_there VBD_was DT_a
of hiv and,2,IN_of NNP_HIV CC_and
acute,2,JJ_acute
copies,2,NNS_copies
hiv and,3,NNP_HIV CC_and
were included in,2,VBD_were VBN_included IN_in
sexually,2,RB_sexually
immunological,2,JJ_immunological
men,4,NNS_men
reaction,2,NN_reaction
hcv,2,NNP_HCV
hiv,6,NNP_HIV
follow,3,NN_follow
with the,4,IN_with DT_the
the last,2,DT_the JJ_last
from the,3,IN_from DT_the
men and women,2,NNS_men CC_and NNS_women
prevalenceof,2,NN_prevalenceof
cohort,2,NN_cohort
haart with,2,NNP_HAART IN_with
there was,2,EX_there VBD_was
persons,2,NNS_persons
the analysis,3,DT_the NN_analysis
infection in,3,NN_infection IN_in
material and methods,2,NNP_MATERIAL NNP_AND NNP_METHODS
the chi square,2,DT_The NNP_Chi NN_square
therapy,4,NN_therapy
and of,2,CC_and IN_of
coinfection by,2,NN_coinfection IN_by
and the,2,CC_and DT_the
and chi,2,CC_and NN_chi
socio demographic,2,NNP_Socio JJ_demographic
number,2,NN_number
tendencies,2,NNS_tendencies
of patients,2,IN_Of NNS_patients
infected,3,VBN_infected
and coinfection by,2,CC_and NN_coinfection IN_by
chi square,2,NNP_Chi NN_square
the main,2,DT_the JJ_main
syphilis,2,NNS_syphilis
one of,2,CD_one IN_of
positive,2,JJ_positive
in the period,2,IN_In DT_the NN_period
antiretroviral therapy,2,JJ_antiretroviral NN_therapy
a major,2,DT_a JJ_major
high,2,JJ_high
and methods,2,NNP_AND NNP_METHODS
count,2,NN_count
major,2,JJ_major
infection,6,NN_infection
chi,3,NN_chi
statisticallysignificant,2,JJ_statisticallysignificant
in and,2,IN_in CC_and
in men,2,IN_in NNS_men
in the,7,IN_in DT_the
number of,2,NN_number IN_of
of transmission,2,IN_of NN_transmission
main,3,JJ_main
made,2,VBN_made
included in the,2,VBN_included IN_in DT_the
had been,2,VBD_had VBN_been
population,2,NN_population
cases,2,NNS_cases
of follow,2,IN_of NN_follow
and women,2,CC_and NNS_women
epidemiological and,2,JJ_epidemiological CC_and
increase,2,NN_increase
of hiv infection,2,IN_of NNP_HIV NN_infection
identified,2,VBN_identified
the prevalence of,2,DT_the NN_prevalence IN_of
were included,2,VBD_were VBN_included
high prevalence,2,JJ_high NN_prevalence
of hiv,4,IN_of NNP_HIV
of the,7,IN_of DT_the
were included in the,2,VBD_were VBN_included IN_in DT_the
andclinical,2,JJ_andclinical
drug,2,NN_drug
data,5,NNS_data
detected in,2,VBN_detected IN_in
clinical,4,JJ_clinical
hepatitis,3,NNP_Hepatitis
included,3,VBN_included
