document_id,document_title,ngrams extracted
16462412,"AACN clinical issues,""
16462411,"AACN clinical issues,"growth, diagnostic and, synthetic, energy, regulationof, ill children, production, general, education in, and that, experience or, children, in general, an overview of, overview of, processesincluding growth, a significant, physiologic, balance of, sexual, ill, disease, incritically ill children, of the, of energy, pathophysiology, child, and knowledge, problems, critical care, an, in pediatric, thisarticle will, system, children with, fluidand, the child, is, in, pediatrics, issue, common endocrine, significant, encountered, illness inchildren, pharmacology, anunderstanding of, and treatment, are unique, electrolyte, of, incritically ill, or, utilization, of common, production and, maturation, child with, to, critical illness, maintains, maintains a, pose, critical, care, overview, will provide, thisarticle, and utilization, provide an, history, energy production, are the, is a, growth and, requires, that may, treatment, with critical, function are, pharmacology of, function, fluid, pediatric, of the child, history taking, unique, dilemmas, hormone, attention, and c, and sexual, incritically, knowledge, a, an overview, may pose, attention to, disorders, that are, c, education, balance, processesincluding, causes of, diagnostic, anunderstanding, provide, inchildren, circulatory, experience, disorders of, endocrine, illness, knowledge of the, knowledge of, common, healthcareproviders"
16462410,"AACN clinical issues,"of diabetes mellitus, to manage, practice, episodes, key component in, index of, makes, mellitus, makes the, key, on a, of diabetic, the possibility, prevalence, a high index, prevent, patient care, based on a, occurrence of, high, evidence, hyperglycemic, component, of suspicion, based, is, in, to prevent, the prevalence of, on, of, or, includes, possibility of, suspicion, occurrence, diabetic, etiology, patients, based on, high index, to, a key component in, high index of, treatment of, care, evidence based, a high index of, index of suspicion, multifactorial, the occurrence, management, clinical practice, m, a high, treatment, prevention, patient, recurrent, prevalence of, the prevalence, index, of diabetes, the possibility of, nurse, component in, possibility, episode, in clinical practice, diabetes mellitus, the occurrence of, a key, clinical, expert, hyperosmolar, a, tertiary, manage, prevention to, diabetes, high index of suspicion, in clinical"
16462409,"AACN clinical issues,"of diabetes mellitus, evidence to, than others, the pathophysiology, history of, and the, factors, associated withcritical illness, mellitus, article reviews, risk, in patients with, intensive, control, insulin resistance, u, without a, withcritical illness, disease states, or without, ill, disease, iatrogenic, glycemic control, to support, pathophysiology, demonstratethat, the importanceof, stress, importanceof, control and, mortality associated, critical care, induced, an, at, with or without, be, in patients, insulin, stress induced, for stress, reviews the, evidence, morbidity and, article, hyperglycemia, at greater, reviews, patientsundergoing, patients with, without a history, therapy, greater risk, with or, in, may be, resistance, and mortality, are at, glucose, of, or, insulin therapy, support, patients, and insulin, without a history of, to, critical illness, critical, at greater risk, thisarticle, history, are common, glycemic, protocol, treatment, with critical, illness are, decrease, greater, at greater risk for, of diabetes, mortality, recent, and insulin resistance, article reviews the, states, studies, associated withcritical, critically ill, diabetes mellitus, recent studies, this article reviews the, critically, are at risk for, critically ill patients, a, greater risk for, morbidity, a history of, a history, somepatients, at risk, this article reviews, evidence to support, are at risk, can decrease, be at, diabetes, at risk for, morbidity and mortality, illness, risk for, common, the evidence, ill patients"
16462408,"AACN clinical issues,"prolonged, activation of the, metabolic and, associated withcritical illness, resultsare, recovery, general, in this article, playsa, of adrenal, associated with, release of, presents, cardiovascular, withcritical illness, pituitary, ill, playsa crucial, of the, setting, stress, release, laboratory, critical care, role in cardiovascular, be, thisarticle will, dysfunction, the critical, difficult to, in the, article, crucial role, not available, recognition, the release of, crucial, interpret, role in, is, in, essential, adrenal, can be, severe, the review, and how, achieved in, reliable, is essential for, of, incritically ill, activates, patients, achieved in the, and laboratory, crucial role in, to, cortex, critical illness, playsa crucial role, and playsa, to recovery, critical, care, thisarticle, history, management, essential for, can result, in this, and management, stress and, activation, patientsis, activation of, for general, with critical, article will, is essential, axis, dysfunction in, achieved, a reliable, associated withcritical, result, in cardiovascular, critically ill, cortisol, history is, critically, incritically, metabolic, critically ill patients, homeostasis, to interpret, a, is not, the release, illustrate, in critically ill patients, adaptation, review, patients and, immunologic, illness, role, recognition of, ill patients"
16462406,"AACN clinical issues,"highly active antiretroviral therapy, of highly active antiretroviral, human immunodeficiencyvirus hiv, complications, hiv, debilitating, research, three patients, infectionhas, antiretroviral, of the most, of new, new therapeutic, one of, antiretroviral therapy haart, clinical implications of, symptom, regarding the, of highly, resistant, a significant, the latest, highly active antiretroviral, hiv infection, the ability to, of the, toxic, pathophysiology, aimed at, this article provides, significant number of, immunodeficiencyvirus hiv, thedevelopment of new, therapy is not, one of the most, leads to, haart, regardlessof, ability, active antiretroviral therapy haart, resulted in, affecting, induced, at, activities, information, the most, understanding ofthe, painful, to a, in the, article, complications of, developing, of patients, therapy, is, in, aid in, pain, aimed, neurological, resistant to, significant, typically, etiology and, highly active, human immunodeficiencyvirus, a significant number of, underlying, information regarding, predominant, in a, and clinical, in three, in thedevelopment of, treatments, thedevelopment of, of, or, distal, understanding, infection, recommended, etiology, antiretroviral therapy, of highly active, peripheral, patients, implications of, latest, resulted, in thedevelopment, one of the, nucleoside, to, thorough understanding, significant number, therapeutic, can cause, conduct, highly, aid, sensory, thisarticle, form, thedevelopment, resulted in a, patientsis, human, clinical implications, leads to a, inability to, active antiretroviral therapy, reduction in, leads, number, ability to, the ability, a reduction, of human, in a significant, number of patients, a more, of human immunodeficiencyvirus, a significant number, inability, form of, article provides, eventually, clinical, a reduction in, significant number of patients, a, the predominant, of hiv, basic, treat, active, neuropathy, a reduction in the, living, reduction in the, is not, therapy haart, implications, to treat, peripheralneuropathy, information regarding the, immunodeficiencyvirus, one in, and pathophysiology, therapy is, and eventually, number of, reduction, active antiretroviral, clinical research, to conduct, living and"
16462405,"AACN clinical issues,"human immunodeficiencyvirus hiv, complications, a direct, hiv, be minimized, cardiomyopathy, prevention and treatment, dietary, potentially, advances in, with an increased, hiv infection, been diagnosed, have led to, led to an, presenting, disease, direct, increased, are now, modalities, immunodeficiencyvirus hiv, more than, due to, cardiac, life threatening, lifespan, presenting to, comorbid conditions, life, positive, an, as, direct or, threatening, be, indirect, led, are potentially, stage, their increased, as a, diagnosed with, patients with, hospitals with an, in, may be, hospitals, late, human immunodeficiencyvirus, are as, and treatment, increased number, specific, potentially life threatening, of, or, infection, with hiv, minimized, an increased, patients, due, cardiac complications, caring, with cardiac, to, treatment of, for patients, and treatment of, these complications, with appropriate, patients are, conditions, potentially life, human, with an, treatment, to their, prevention, patient, advances, to an, have led, number, prevention and, thehiv, million, collaboration, and other, led to, result of, due to their, comorbid, an increased number, result, have been, unknown, with human, hospitals with, teaching and, assessments, for patients with, a, complications are, diagnosed, diagnoses, of hiv, teaching, such as, more than one, americans, than one, andtreatments, caring for, immunodeficiencyvirus, nurses, cardiac disease, treatment modalities, ofdiverse"
16462404,"AACN clinical issues,"highly active antiretroviral therapy, of highly active antiretroviral, opportunistic infections, and developing, hiv, from a, immunodeficiency, virus, individuals, antiretroviral, subsequently, chronic, required to provide, associated with, antiretroviral therapy haart, emerging, of highly, their treatments, to provide, range of, exacerbate, highly active antiretroviral, hiv infection, admission and, rates, of the, as well, immunodeficiencyvirus hiv, rapidly, haart, comorbid conditions, increasing, effective, acquired, the range, active antiretroviral therapy haart, infections, an, as, condition, be, care and, understanding ofthe, interactions, to a, precipitate, in addition, account, developing, virus hiv, of care, potential, aging, infected patients, focused, addition, therapy, in, infected, highly active, anunderstanding of, of potential, complex, admission, pre, treatments, of, or, required to, understanding, infection, with hiv, and their, antiretroviral therapy, of highly active, patients, to, toxicities, individuals with, introduction, a rapidly, require, be required, the introduction, encounter, highly, treatments with, usually associated, safe and effective, care, conditions, patterns of, as opportunistic, management, and management, with hiv and, required, patterns, hiv and, illness are, usually associated with, active antiretroviral therapy, a chronic, range, settings, existing, overlapping, pre existing, itstreatment, opportunistic, a, and effective, active, therapy haart, the introduction of, and an, understanding of, anunderstanding, account for, introduction of, immunodeficiencyvirus, safe, provide, nurses, fewer, will be, illness, active antiretroviral, safe and, inan"
16438095,"AAOHN journal : official journal of the American Association of Occupational,"practice, interested in, and the, an efficient, process, the centers fordisease, industrial, foroccupational safety, fordisease control, challenged, published, safety, institute, e, institute foroccupational safety, safety and, occupational health, control, and health, schedule, of the, setting, complexity of, review process, to the, g, control and, anumber of, agencies, exist, workers, cdc, an, as, centers fordisease control and, control and prevention, complexity, e g, and the american, efficient, immunization, american, materials, anumber, adult, national institute, forthose, based, in, regulations, fordisease, fordisease control and, and prevention, g the, institute foroccupational, to occupational, of, applying, establishing, exist such as, laws, health, to, the national, agencies and, challenge, to occupational health, national, organizations, standards and, establish, recommendations, health nurses, centers fordisease, the centers fordisease control, org, exist such, prevention, expanding, interested, tlvs, the national institute, west nile, centers fordisease control, the complexity, such as the, as the, occupational, are often, guide to, occupational health nurses, attention, standards, centers, by, and applying, west, a, e g the, the cdc, the american, national institute foroccupational, by the, foroccupational, foroccupational safety and health, such as, guide, nile, safety and health, fordisease control and prevention, nurses, their practice, the complexity of, to occupational health nurses, review, framework, the centers"
16438094,"AAOHN journal : official journal of the American Association of Occupational,"needed, waiting, use of a, workplace, study was to compare, survey was, video, survey, program to, compare the, of a, upper extremity, of this study, minimally, from one, appear to, in number, and non, was sent, this study was, was to compare, work, and high, tested, sent to, stress, to have, related, is needed, the purpose of this, information, and upper extremity, and greater, epidemiology of, high, study, appear to have, do, completed, also tested, to all, based, is, in, relatedto, purpose of this study, compare, site, on, of, program, the authors, this study, the purpose of, this study was to, working conditions, to compare, extremity, sites, health, to, the use of a, to promote, because they, tested the, software, assess, study was, of this, proved, arefew, authors, conditions, and upper, needed to, in number and, andon, of this study was, purpose, greater, was sent to, rural, number, evaluations, to compare the, promote, do not, collaboration, in rural, the use of, epidemiology, have greater, number and, thebiomechanical, study was to, load, was to, the epidemiology, purpose of, on the, the purpose, upper, a, the epidemiology of, distant, lists, to assess, survey was sent to, use of, equipment, compared, survey was sent, purpose of this, is needed to, joints, working, the use"
